id,tax_class
01O (0) 09 001,18
0601072HF2,18
0601072RK0,18
06011A15F3,18
06011A95F1,18
06012161F4,18
06012161F8,18
06012161FD,18
06012161FK,18
06012161FL,18
06012171F6,18
06012171F8,18
06012240F0,18
06012980F0,18
06012A70F1,18
060137505F,18
06013875F2,18
06013930F1,18
06013931F1,18
06013940F0,18
06013940F2,18
06013960F0,18
06013A02F0,18
06014775F0,18
06015A80F0,18
06016B30F0,18
06018242F1,18
06018B70F0,18
060194D0F0,18
06019804F5,18
06019805F0,18
06019G80F0,18
06019G80F1,18
06019G81K2,18
06019H20F0,18
06019H21L1,18
08N (0) 09 012,18
08S (0) 09 001,18
10000,12
100012,12
10003,12
10007,12
10013,12
10016,12
10020,12
100223,18
10024,12
10025,12
10027,12
10030,12
10033,12
10035,12
10037,12
10038,12
1003AEI,12
1004ABEI,12
100554,5
100968,18
101030,18
101165,18
101263,12
101306,12
101316,12
101360,12
101401,12
101489,12
101584,18
101823,18
10200,12
10201,12
10203,12
10204,12
10206,12
10207,12
102083,18
10209,12
102093,18
102102,18
10211,12
10212,12
10213,12
102131,5
102139,12
102145,5
102155,5
102159,5
102162,5
102569,18
102582,0
102587,0
102590,0
102592,0
102607,12
102609,12
102610,12
102615,0
102745,12
10275,12
102750,12
102753,12
10276,12
102761,12
102764,12
102774,18
102830,18
102833,18
102871,5
102997,5
103246,18
103551,18
103683,0
103730,0
103737,12
104179,18
104269,12
104271,12
104582,12
104607,12
104615,12
104617,12
104707,5
104708,5
104726,0
104759,12
104808,12
104821,12
104823,12
104833,5
104837,5
104839,5
104840,5
104860,12
104862,12
104864,12
104956,12
104960,12
106103,18
106220,0
106224,0
106227,0
106244,0
106271,0
106367,0
106417,18
106599,5
106600,5
10707,12
10709,12
10717,12
10725,12
10726,12
10728,12
10733,12
10734,12
107443,0
107449,0
10755,12
107558,0
10756,12
10757,12
10760,12
107800,18
107803,18
108087_03,18
1082-Mu-A,18
108226_317,18
108226_35,18
108226_788,18
108227_317,18
108227_35,18
108249,5
10902,12
109025_36,18
10W Smart Bulb,12
11001,18
110090_36,18
110091_36,18
110093_36,18
1102H,12
11052,12
111059_03,18
111071_317,18
111071_437,18
111074GT_03,18
111074_03,18
111074_437,18
111078_109,18
111078_757,18
111078_886,18
111082_437,18
111087_03,18
111104_773,18
111104_875,18
111122_757,18
111122_773,18
111137_35,18
111141_03,18
111141_194,18
111141_40,18
112037_030,18
112038GT_03,18
112046_030,18
112053_396,18
112054_396,18
112057_03,18
112292,5
113710,18
113817,5
114004_03,18
114004_117,18
114006_03,18
114006_194,18
114006_337,18
114006_785,18
114007_03,18
114007_337,18
114007_40,18
114007_551,18
114007_785,18
114015_787,18
114015_788,18
114016_787,18
114016_788,18
114018_787,18
114018_788,18
11545,12
11566,12
11567,12
11568,12
11569,12
11603,12
11604,12
11605,12
11607,12
11651,12
11652,12
11653,12
11654,12
11655,12
11656,12
11657,12
117045_03,18
117047_317,18
117050_317,18
117055_03,18
11730,12
118009,18
118412,5
118417,12
118419,12
118443,12
118518,18
118544,18
118572,18
118606,12
118774,5
118967,12
119665,18
119705,12
119709,12
119711,12
12000,12
12001,12
120018,18
121001_03,18
121001_844,18
121009_36,18
12105,12
122014_205,18
122101_03,18
122102_03,18
122103_03,18
122104_03,18
122105_113,18
122106_113,18
122107_113,18
122620,18
122644,18
123006_02,18
123006_206,18
123006_36,18
123007_36,18
123008_36,18
123010_36,18
124656,5
124657,5
124870,12
124871,12
125319,12
125546,5
126009_09,18
126013_03,18
126013_09,18
126014_03,18
126014_09,18
126014_335,18
126014_349,18
126153,5
126158,5
126903,5
126906,5
127362,12
128069,0
128327,0
128596,18
12W Inverter bulb,12
13-Piec-A,5
130138,12
130307,12
133571,18
134149,18
134262,0
135463,18
137385,18
137575,5
137623,18
137936,5
1404,18
140466,0
1409,18
1410,18
1415,18
1417,18
1418,18
142156,18
144126,5
144395,18
145130,12
146378,12
146384,12
146514,18
146675,0
146775,12
147283,18
147491,5
147492,5
147493,5
148392,12
148676,5
148681,5
148682,5
149353,18
149354,18
149829,18
1501,18
1502,18
1503,18
1504,18
150476,18
1505,18
1506,18
1507,18
1508,18
1509,18
1510,18
151059,18
1513,18
1514,18
152075,12
152329,18
152450,12
153122,18
154171,18
154902,18
156639,12
157375,18
157419,5
159705,18
159713,18
1601EI,12
1602AGEB,12
1602FH,12
161622,12
161623,12
161826,5
161897,5
161898,5
161899,0
163055,12
163056,12
163064,5
163575,12
163578,12
163582,12
163584,12
163810,18
163920,18
163921,18
165939,12
167781,18
167782,18
167814,18
167976,18
168946,12
168950,12
169000,0
169052,5
169053,5
169054,0
169055,0
169309,5
169409,5
169899,12
1703IAEB,12
1710,18
1715,18
172206,12
172260,12
1723,18
1727,18
1728,18
1729,18
172917,18
174253,12
174549,0
174626,5
174631,5
174635,5
174636,5
175116,12
175118,12
175257,0
176362,5
176364,5
177150,12
177155,12
177181,12
179161,12
179650,18
179651,18
180199,0
1801AI,12
1801HF,12
1802FH,12
1802GIBA,12
180537,18
180584,0
1805BEIA,12
1805HF,12
1806AGJEI,12
1806HF,12
180963,40
180981,5
180983,5
181118,18
181594,18
181597,5
181598,5
182665,12
182914,18
184353,18
184607,5
185568,0
186070,5
186077,5
186232,5
188077,18
188078,18
188079,18
188080,18
188082,18
189099,18
189100,18
189101,18
189103,18
189204,18
189221,18
189296,18
189311,18
189323,18
189326,18
189439,5
189785,18
19020B,18
192941,18
196984,18
197348,18
197351,18
198934,18
199522,18
199610,5
20021,12
200327,18
200952,0
201388,5
2013RC,18
20223,12
202239,18
20224,12
202242,18
202243,18
202248,18
20225,12
202277,5
20229,12
20230,12
20231,12
20232,12
20235,12
20236,12
20238,12
20239,12
20240,12
20242,12
20247,12
20248,12
20249,12
20250,12
20251,12
20254,12
20307,12
20327,12
20330,12
20355,12
20357,12
20359,12
20360,12
20375,12
20429,12
204442,18
20454,12
20457,12
20459,12
204629,5
204728,12
204772,0
20504,12
20513,12
205184,18
205215,5
20551,12
20552,12
205660,18
205775,12
205854,0
205988,18
205990,12
20601,12
206047,5
206182,18
206407,18
206408,18
206416,18
206429,12
206433,12
20651,12
20652,12
20653,12
20654,12
206702,0
206776,5
206778,5
206779,5
206980,18
206981,18
206982,18
207986,18
208345,5
208578,18
208767,12
2100096342,12
2100096348,12
2100096353,12
2100102552,12
210060,18
212128,18
212130,18
212701,18
213239,0
213240,0
213243,0
213244,0
213245,0
213246,0
213253,12
213256,12
213273,12
213576,12
214216,5
214217,5
214431,5
214515,18
214784,12
215130,18
215578,18
215595,18
216,18
216747,18
216809,18
216871,18
216877,18
218856,18
220612,5
221404,18
221409,18
221410,18
221429,18
2218EA,12
2218FH,12
222085,5
222783,0
223298,5
223305,5
223536,12
223537,12
223660,12
223661,12
223662,12
223663,12
224591,18
224835,12
226491,5
226990,12
227052,18
228408,0
228522,5
228523,5
228526,5
228528,5
228529,12
228589,5
228623,18
228899,5
229136,12
229140,18
229144,18
229148,18
229156,18
229635,12
229636,12
229744,5
229771,12
229789,12
229791,12
229793,12
229794,12
229853,0
229910,12
229912,12
229922,12
229926,12
229930,12
229936,12
229939,12
22W (0) 03 011,18
22W (0) 03 012,18
22W (0) 03 113,18
22W (0) 03 114,18
22W (0) 09 013,18
22W (0) 09 014,18
22W (0) 09 113,18
230634,18
230745,18
231187,18
231206,5
232729,18
233753,12
235168,5
235214,18
236283,18
236284,18
236520,18
236834,0
237218,12
237445,12
237461,12
237467,12
238341,12
239335,12
239524,5
240040,5
240057,5
240061,5
240065,5
240067,5
240122,5
240124,5
240147,18
240149,18
240155,18
240156,18
240158,18
240162,18
240163,18
240165,18
240168,18
240178,18
240179,18
240180,18
240182,18
240183,18
241132,18
241501,5
241538,5
241598,0
241600,0
241601,0
241695,18
242,18
242060,18
242596,12
242667,12
242668,12
242671,5
242672,12
242673,5
243051,18
243080,18
243335,5
243336,5
243991,5
244,18
244096,5
244286,5
244815,12
244997,12
244999,5
245001,0
2451,12
2452,12
245504,5
245509,12
245525,5
2459,12
246700,18
246792,0
246794,18
247282,5
247986,5
248003,0
248215,5
249061,12
249062,12
249154,18
249155,18
249162,12
249163,12
249362,18
249369,18
249449,12
249452,12
249540,5
249581,18
249877,0
249885,0
249889,0
249926,0
249944,0
249951,0
249961,0
249963,0
249965,0
24N (0) 09 003,18
24N (0) 09 005,18
24N (0) 09 008,18
250077,0
250095,0
250103,0
250110,0
250116,0
250122,0
250133,0
250145,0
250174,0
250200,0
250205,0
250216,0
250219,0
250222,0
250223,0
250231,0
250383,0
250406,0
250417,0
250437,0
250438,0
250440,0
250443,0
250445,0
250457,0
250460,0
250462,0
250465,0
250468,0
250474,0
250492,0
250505,0
250507,0
250511,0
250512,0
250520,18
250521,0
250528,0
250531,0
250536,0
250538,0
250539,0
250543,0
250544,0
250545,0
250547,0
250549,0
250553,0
250554,0
250561,0
250569,0
250570,0
250574,0
250586,0
250591,0
250600,0
250604,0
250607,0
250608,0
250609,0
250611,0
250615,0
250624,0
250625,0
250626,0
250631,0
250634,0
250635,0
250638,0
250641,0
250645,0
250647,0
250656,0
250657,0
250658,0
250659,0
250660,0
250662,0
250664,0
250665,0
250667,0
250679,0
250680,0
250683,0
250685,0
250687,0
250689,0
250771,18
250930,0
250931,0
251011,18
251018,18
251020,18
251026,18
251033,18
251045,40
251149,18
251150,0
251218,18
251220,18
251224,18
251235,18
251249,18
251251,18
251259,18
252164,5
252171,5
252420,12
252427,12
252429,12
252663,0
252847,18
252868,18
252874,18
252876,18
252943,5
252947,5
252948,5
252982,5
253009,5
253063,5
253355,0
253535,12
253562,5
253566,5
253860,18
254193,18
254677,18
254688,18
254690,18
255176,18
255178,12
255179,18
255207,18
255208,18
255210,18
255215,18
255243,18
255499,5
255502,5
255505,5
255516,5
255517,5
255611,5
255834,12
255843,5
255848,5
255849,5
255850,5
255851,5
255874,18
256002,18
256132,5
256165,18
256222,5
25654,12
256655,18
256683,12
256684,12
256685,12
256686,12
256687,12
256688,12
257034,18
257382,12
257399,5
257406,5
257407,5
257545,18
257852,18
257853,18
257859,18
257862,12
257863,12
258053,5
258133,18
258181,12
258357,18
258358,18
258359,18
258392,18
258403,18
258415,18
258418,18
258421,18
258583,18
258584,18
258585,5
258588,12
258594,12
258599,12
258600,12
258601,12
258602,12
258604,12
258879,18
259032,18
259244,18
259411,5
259705,18
259706,18
259837,18
259856,18
259985,18
260354,12
260405,18
260422,12
260424,12
260427,12
260429,12
260430,12
260432,12
260433,12
260434,12
260435,12
260439,12
260595,12
260598,12
260634,18
260637,18
260641,18
260642,18
260650,12
260653,12
260654,18
260767,5
260770,5
260772,5
260797,5
260798,5
260799,5
260806,5
260873,18
260874,18
260936,18
260993,18
260995,18
260996,18
260997,18
260999,18
261002,18
261012,18
261013,18
261017,18
261018,18
261025,18
261308,18
261328,18
261339,12
261478,0
261502,18
261515,18
261653,12
261662,0
261687,12
261815,5
262270,18
262712,12
262799,5
262809,5
262811,5
262814,5
262815,5
262971,18
262978,18
263108,18
263109,18
263112,18
263113,18
263114,18
263120,12
263122,12
263124,12
263125,12
263126,12
263128,12
263129,12
263164,0
263363,12
263367,12
263368,12
263369,12
263492,0
263493,0
263494,18
263515,12
263521,12
263524,12
263574,5
263575,18
263586,18
263593,18
263594,5
263597,18
263599,5
263602,5
263603,5
263606,5
263613,5
263620,5
263642,5
263654,18
263663,0
263675,18
263687,18
263696,12
263698,18
263699,18
263708,18
263710,18
263716,18
263719,18
263721,18
263724,18
263727,18
263740,18
263745,18
263753,18
263758,18
263760,18
263762,18
263764,18
263772,18
263775,12
263777,18
263778,18
263779,18
263781,18
263799,18
263805,18
263813,18
263819,18
263838,18
263841,5
263850,12
263852,12
263856,18
263862,18
263869,18
263870,18
263871,18
263872,18
263875,18
263878,18
263880,18
263884,18
263896,12
263910,12
263919,18
263920,18
263921,18
263923,18
263924,18
263925,18
263926,18
263931,18
263935,5
263936,18
263939,18
263954,18
263957,18
263958,18
263967,18
263973,18
263975,18
263980,18
263985,18
263986,18
263987,18
263993,18
263999,18
264001,0
264003,12
264009,18
264019,5
264024,12
264105,0
264111,18
264233,12
264235,12
264237,12
264328,18
264329,18
264427,18
264435,5
264437,5
264453,12
264454,12
264456,12
264460,12
264461,12
264465,12
264466,12
264468,12
264513,12
264515,12
264516,12
264559,5
264565,5
264567,5
264589,18
264595,18
264597,18
264601,18
264661,18
264679,5
264720,18
264747,18
264764,18
264786,18
264796,12
264971,5
264972,5
264980,0
264981,0
264982,0
264983,0
264996,18
265178,18
265238,18
265242,18
265243,18
265244,18
265246,18
265273,18
265280,18
265317,5
265355,18
265371,18
265381,12
265453,18
265490,5
265511,18
265611,18
265665,18
265673,18
265682,18
265688,12
265690,12
265692,12
265693,12
265694,12
265696,40
265698,12
265699,12
265701,12
265702,40
265707,40
265708,12
265712,12
265721,12
265722,12
265726,40
265728,12
265729,12
265770,12
265771,18
265853,12
265876,18
265891,18
265930,5
265939,0
265940,18
265941,0
265942,18
265943,12
265947,5
265948,5
265950,12
265951,18
265953,18
265954,18
265956,18
265957,18
265958,12
265959,18
265960,12
265961,12
265962,12
265963,12
265965,18
265966,18
265967,12
265968,12
265970,18
265971,0
265974,18
265978,5
265979,12
265980,12
265983,18
265987,12
265991,12
265994,18
265997,18
265998,18
266000,12
266005,18
266006,12
266009,12
266010,12
266011,12
266014,5
266015,12
266016,12
266017,12
266018,12
266031,5
266032,5
266034,5
266056,12
266057,12
266065,5
266070,12
266071,12
266096,12
266101,12
266103,12
266105,12
266109,12
266112,12
266122,5
266151,12
266156,0
266157,12
266160,12
266162,12
266165,12
266170,12
266283,12
266286,5
266291,5
266292,5
266293,0
266294,0
266323,12
266335,5
266421,5
266428,12
266429,5
266437,5
266439,5
266467,12
266474,5
266531,18
266535,5
266541,12
266543,12
266545,12
266547,12
266549,5
266555,12
266557,18
266560,18
266570,12
266577,12
266579,18
266580,5
266585,5
266591,5
266592,0
266595,5
266628,18
266631,18
266638,18
266639,18
266642,18
266644,18
266651,18
266655,18
266657,18
266658,18
266659,18
266663,18
266664,18
266667,18
266672,18
266673,18
266687,18
266690,18
266692,18
266693,18
266694,18
266698,18
266700,18
266706,18
266796,18
266800,18
266817,18
266820,18
266829,18
266830,18
266836,18
266841,18
266854,18
266857,18
266879,18
266886,18
266893,18
266917,18
266942,18
266945,18
266951,18
266952,18
266953,18
266954,18
266962,18
266967,18
266969,18
266981,18
266984,18
266988,18
267006,18
267011,18
267012,18
267016,0
267037,18
267084,18
267156,18
267157,18
267222,5
267224,5
267227,5
267231,5
267234,5
267237,5
267256,18
267263,5
267266,5
267276,5
267277,5
267279,5
267345,5
267346,5
267347,5
267349,5
267366,18
267376,18
267381,18
267384,18
267392,12
267400,18
267426,18
267525,18
267533,18
267540,18
267629,18
267639,18
267642,18
267698,18
267737,5
267748,12
267757,12
267760,12
267845,18
267846,18
267847,18
267856,5
267873,18
267876,18
267924,18
267938,18
267944,18
267963,18
267964,18
267978,18
267979,5
267995,5
268002,5
268005,5
268007,5
268008,5
268009,5
268010,5
268011,5
268012,5
268013,5
268024,5
268025,5
268026,5
268033,5
268035,18
268039,5
268041,5
268042,5
268046,5
268048,5
268055,12
268059,5
268060,12
268064,12
268068,5
268071,5
268073,5
268074,5
268076,5
268077,5
268078,5
268194,12
268464,18
268653,5
268654,5
268686,5
268688,18
268690,5
268691,5
268700,12
268713,12
268759,18
268761,18
268762,18
268931,5
268932,5
268937,5
268939,5
268941,5
268942,5
268943,5
268944,5
268978,18
269133,5
269234,12
269256,18
269268,5
269286,5
269370,5
269380,5
269603,18
269606,18
269608,18
269750,12
269759,12
269798,5
269800,0
269801,0
269806,5
270026,18
270030,18
270068,12
270222,18
270223,18
270242,5
270378,12
270484,18
270486,18
270508,12
270509,12
270510,12
270512,12
270514,12
270516,12
270518,5
270522,12
270545,12
270546,12
270616,18
270620,5
270621,5
270633,5
270634,5
270726,18
270727,18
270729,18
270891,18
270896,18
271,18
271073,5
271089,5
271119,12
271130,5
271156,5
271205,5
271209,0
271326,12
271327,12
271379,12
271440,0
271582,18
271649,18
271675,18
271680,5
271819,5
271820,5
271980,0
272096,18
272097,18
272106,18
272107,18
272262,18
272263,18
272265,18
272267,18
272271,18
272606,18
272702,18
272880,18
272989,18
273071,5
273217,12
273223,12
273395,0
273491,5
273493,5
273494,5
273496,5
273497,5
273561,18
273562,18
273590,18
273619,18
273620,18
273623,18
273808,5
273809,5
273864,18
274035,12
274037,12
274068,18
274118,5
274120,5
274122,5
274123,5
274124,5
274125,5
274128,5
274129,5
274138,5
274139,5
274148,5
274151,5
274153,5
274160,5
274166,5
274169,5
274171,5
274172,5
274173,5
274183,5
274184,5
274189,5
274190,5
274196,5
274344,18
274346,18
274350,18
274353,18
274423,12
274437,18
274500,12
274521,18
274523,18
274580,18
274604,18
274769,18
274775,18
274791,5
274864,18
274867,18
274920,12
274921,18
274927,18
274929,18
274930,18
274933,18
274934,18
274936,18
274985,18
274988,18
275198,12
275201,12
275236,18
275242,5
275243,18
275244,18
275246,18
275247,18
275253,18
275254,18
275258,18
275260,18
275261,18
275290,12
275438,12
275439,12
275460,5
275491,5
275627,0
275814,18
275815,18
275816,18
275817,0
275825,0
275922,18
275927,18
275929,18
276122,12
276123,12
276384,18
276385,18
276388,18
276394,18
276402,12
276413,12
276626,18
276653,0
276725,18
276727,18
276729,18
276730,18
276755,5
276756,5
276757,5
276758,5
276934,5
276958,18
277072,18
277073,18
277088,18
277101,18
277102,0
277117,18
277136,18
277138,18
277139,18
277140,18
277141,18
277142,18
277143,18
277144,18
277148,18
277149,18
277151,18
277152,18
277153,18
277154,18
277157,18
277159,18
277180,12
277181,12
277463,18
277853,18
277860,0
277862,0
277865,0
277866,18
277876,18
277877,12
277878,0
278285,5
278328,18
278332,18
278340,18
278990,18
279022,12
279023,12
279024,12
279025,12
279026,12
279035,12
279038,12
279324,12
279327,12
279349,12
279356,12
279367,12
279403,12
279407,12
279427,0
279433,0
279581,12
279587,5
279588,5
279596,5
279783,5
279800,5
279801,5
279803,0
279804,5
279807,5
279808,5
279809,5
279812,5
279813,5
279814,5
279815,0
279817,5
279818,5
279819,5
279820,5
279822,5
279823,5
279824,5
279827,5
279828,5
279830,5
279831,0
279833,5
279835,5
279836,5
279837,5
279838,5
279839,5
279849,5
279852,5
279853,5
279856,5
279857,5
279859,5
279860,5
279863,5
279864,5
279866,5
279867,5
27O (0) 08 001,18
280085,18
280154,5
280173,18
280474,18
280665,5
280677,5
280839,0
280915,12
280949,18
280953,18
280965,18
280967,12
281026,18
281038,18
281039,18
281175,12
281176,12
281366,18
281373,18
281394,18
281395,18
281397,18
281435,18
281485,18
281497,18
281536,5
281594,5
281674,12
281757,5
281872,18
282197,5
282210,5
282212,5
282222,5
282565,12
282598,12
282600,12
282605,12
282729,5
282869,12
282871,12
282872,18
282875,18
282876,18
283101,0
283160,12
283165,12
283307,12
283310,12
283426,5
283470,12
283518,18
283544,18
283555,0
283567,18
283706,5
283708,18
283851,18
283890,18
283896,18
283905,18
283907,18
283914,18
284013,5
284035,18
284038,5
284056,12
284087,12
284102,12
284104,12
284137,12
284142,12
284148,12
284196,12
284243,18
284247,12
284405,5
284406,18
284408,12
284409,12
284411,12
284413,18
284420,5
284422,5
284429,12
284553,18
284567,18
284699,18
284782,18
285138,5
285181,18
285243,18
285250,18
285258,12
285264,18
285409,5
285410,5
285412,5
285420,18
285422,18
285609,18
285613,18
285617,18
285621,18
285680,18
285681,18
285704,18
286082,18
286135,18
286269,18
286270,18
286271,18
286393,18
286499,18
286536,12
286560,18
286584,18
286586,18
286591,12
286592,18
286595,18
286596,18
286601,18
286624,18
286701,18
286713,18
286731,18
286734,18
286739,18
286741,18
286775,18
287005,12
287006,12
287553,18
287579,12
287646,12
287989,18
288068,18
288139,18
288506,18
288785,18
288789,18
288833,18
288838,18
288840,18
288848,18
288854,18
288861,18
288863,18
288922,40
288925,40
288926,40
288927,40
288928,40
288957,40
289080,18
289082,12
289210,18
289213,18
289520,18
289526,18
289528,18
289992,12
290004,5
290185,18
290188,18
290190,18
290381,18
290383,18
290384,18
290394,18
290485,18
290495,18
290497,18
290501,18
290503,18
290507,18
290593,18
290707,5
290719,0
290727,5
290729,18
290730,18
290750,5
290829,5
291038,5
291044,5
291046,5
29124,18
291244,12
291247,12
291946,5
292064,0
292093,18
292129,18
292168,18
292223,18
292361,0
292388,40
292390,40
292392,40
292394,40
292395,40
292396,40
292398,40
292401,12
292597,12
292607,12
292610,12
292619,5
292620,5
292626,18
292645,18
292659,5
293034,18
293035,18
293304,5
293388,18
293396,12
293399,18
293407,18
293423,18
293630,18
293693,18
293694,18
293695,18
293700,18
293717,18
293718,18
293755,18
294222,18
294223,12
294238,12
294445,18
294446,18
294729,18
294746,18
294759,18
294895,18
294896,18
294897,18
294904,5
294955,12
294981,12
294992,12
295224,0
295227,0
295228,0
295229,0
295230,0
295232,0
295233,0
295235,0
295236,0
295237,0
295238,0
295239,0
295240,0
295241,0
295242,0
295244,0
295245,0
295246,0
295248,0
295501,18
295516,18
295518,18
295630,12
295652,12
295659,12
295669,12
295679,12
295687,12
295743,18
295802,18
295812,0
295813,0
295873,18
295874,18
295875,18
295879,12
295926,18
296072,0
296298,5
297063,18
297071,18
297077,5
297155,18
297461,5
297465,5
297467,5
297481,5
297498,5
297511,5
297720,0
297948,18
297997,18
298071,5
298198,5
298200,5
298245,12
298247,18
298248,12
298249,12
298258,18
298290,18
298311,18
298436,40
298438,18
298685,5
298778,12
298938,0
298943,12
298951,12
298976,18
299009,18
299025,18
299031,18
299129,12
299167,18
299290,18
299410,12
299449,12
299451,12
299464,18
299468,18
299469,18
299669,18
299670,18
299671,0
299714,18
299715,18
299719,18
299904,18
300031,5
300219,18
300223,18
300230,18
300279,18
300288,18
300440,5
300441,5
301278,5
301306,18
301309,0
301320,18
301324,0
301673,18
301678,18
301968,5
301970,0
301974,5
301976,5
301983,5
301985,5
301987,5
301988,5
301990,5
302075,18
302077,18
302078,18
302080,18
302099,18
302121,18
302124,12
302127,12
302129,12
302131,0
302138,0
302140,5
302147,0
302150,0
302151,5
302563,5
302571,5
302572,5
302581,18
302601,18
302774,5
303122,12
303124,12
303127,12
303129,12
303137,12
303219,12
303409,0
303412,0
303767,18
304212,18
304377,18
304493,18
304510,12
304511,12
304557,5
304822,18
304902,12
304919,18
30495,12
30496,12
305027,18
305200,18
305213,18
305222,18
305224,18
305227,18
305325,18
305370,18
3054,18
305401,5
305538,18
305539,18
305560,18
305562,18
305595,18
305596,18
305787,18
305790,18
305792,18
305831,18
305893,12
305895,12
305897,12
305909,18
305910,18
305920,18
305921,18
305922,18
305924,18
305925,18
305926,18
305927,18
305928,18
305931,18
305933,18
305938,18
306001,18
30601,12
30602,12
30603,12
306039,18
30604,12
30609,12
306096,18
30610,12
306125,18
306126,18
306128,18
306135,18
306136,18
306142,18
306148,18
306151,18
306161,18
306164,18
306166,18
306171,18
306172,18
306173,18
306175,18
306185,18
306189,18
306191,18
306210,18
306231,18
306234,18
306236,18
306237,18
306240,18
306242,18
306260,12
306316,18
306437,5
306533,5
306540,5
306542,5
306548,5
306703,18
306926,5
307009,0
307010,0
307011,0
307012,0
307018,5
307077,18
30709,12
307094,18
30710,12
30711,12
307118,18
30712,12
307127,18
30713,12
30714,12
30715,12
307150,18
307158,18
30716,12
307170,18
307195,18
30720,12
30725,12
30726,12
30727,12
30728,12
30729,12
307292,18
307293,18
307296,18
30730,12
30731,12
307317,18
30732,12
30733,12
30734,18
30735,12
307359,18
307365,18
307366,18
307367,18
307369,18
307371,18
307372,18
30739,18
307395,18
307397,18
307413,18
307414,18
307460,18
307463,18
307468,18
307469,18
30747,12
307560,18
307561,18
307573,18
307606,18
307727,18
307902,18
307905,18
307906,18
307907,18
307908,18
307912,18
307943,18
307949,18
307950,18
307953,18
307957,18
307960,18
307984,5
307985,5
308010,18
308026,18
308029,18
308049,18
308106,18
308108,12
308122,12
308159,18
308163,18
308164,18
308165,18
308167,18
308169,18
308179,18
308181,18
308183,18
308291,18
308368,18
30837,12
30843,12
30844,12
30845,12
308568,18
308575,18
308590,18
308595,18
308597,18
308599,18
308609,5
308709,18
308715,18
308720,18
30880,12
308847,18
30894,12
30956,12
30967,12
30968,12
309773,18
309927,18
310182,12
310185,18
310356,18
310363,18
310365,18
310367,18
310368,18
310683,18
310720,18
310721,18
310859,12
311080,18
311102,18
311103,18
311119,18
311607,18
311608,18
311659,5
311698,18
311700,18
311703,18
311704,18
311705,18
311710,18
311713,12
311717,12
311782,12
312159,18
312169,5
312184,18
312468,5
312568,5
312650,0
312679,18
312687,18
312747,18
313466,18
313577,12
313578,12
313621,18
313624,18
313782,18
313792,18
313793,18
313795,18
313967,18
314001,5
314025,18
314027,18
314030,18
314040,18
314134,12
314285,5
314324,12
314355,18
314517,18
314538,12
314904,12
314914,18
314915,18
314930,18
314931,18
315088,18
315089,18
315091,18
315203,18
315208,18
315209,18
315211,18
315216,18
315217,18
315247,18
315249,18
315250,18
315299,12
315398,12
315431,12
315438,12
315451,12
315452,12
316089,18
316255,12
316284,18
316323,12
316326,5
316329,12
316331,5
316401,18
316403,18
316422,18
317131,18
317201,12
317804,18
317851,12
317932,5
317934,18
317941,18
318025,18
318027,12
318028,12
318036,18
318822,18
318987,18
318989,18
318994,18
318998,18
318999,18
319054,18
319067,18
319182,5
319184,5
319237,12
319262,18
319263,18
319335,0
319336,0
319340,0
319362,18
319441,12
319492,18
319569,5
319692,18
319695,18
319697,18
319721,12
319722,12
319729,12
319731,12
319884,5
319957,5
319969,5
319985,5
31R (0) 09 003,18
320254,18
320255,18
320256,18
320261,18
320262,18
320263,18
320287,5
320288,0
320293,12
320294,12
320295,12
320296,0
320297,0
320311,18
320312,18
320313,18
320314,18
320315,18
320350,18
320353,18
320389,18
320395,12
320424,5
320433,5
320440,5
320442,5
320444,5
320446,5
320448,5
320449,5
320450,5
320451,5
320452,5
320453,0
320456,5
320458,5
320459,5
320461,5
320462,12
320463,5
320464,5
320465,5
320467,5
320468,5
320471,5
320472,5
320474,5
320614,18
320620,18
320624,12
320628,18
320630,18
320637,18
320643,18
320651,18
320652,18
320657,18
320669,18
320670,18
320672,18
320675,18
320904,18
320915,18
320943,18
321323,18
321324,18
321325,18
321357,18
321458,18
321503,18
321504,18
321594,0
321685,18
321687,18
321735,18
321758,18
321759,18
321760,18
321761,18
321894,18
321896,12
321897,18
321904,12
321917,12
321928,18
321929,18
321951,18
321963,18
321964,18
321965,5
322016,18
322034,18
322761,18
322772,18
322773,18
322774,18
322775,18
322776,18
322777,18
322778,18
322779,18
322794,18
322795,18
322797,18
322817,12
322856,5
322863,5
322895,12
322932,18
322933,18
323065,12
323096,18
323628,5
323793,12
323794,18
323812,18
324019,12
324021,12
324047,18
324099,12
324289,12
324292,12
324300,18
324304,18
324307,18
324373,12
324375,12
324380,12
324403,18
324612,12
324616,12
324617,12
324621,12
324623,12
324624,12
324625,12
324644,12
324645,12
324876,12
324879,12
325207,12
325212,12
325222,12
325272,18
325298,12
325394,18
325395,18
325396,18
325403,18
325406,18
325414,18
325415,18
325416,18
325417,18
325418,18
325419,18
325469,12
325471,12
325552,18
325554,12
325558,12
325572,12
325576,18
325720,12
326107,18
326108,18
326109,18
326115,18
326116,18
326122,18
326128,18
326129,18
326139,18
326169,12
326305,18
326420,12
326567,12
326577,18
326585,18
326586,18
326589,18
326594,12
326595,12
326596,12
326598,12
326599,12
326600,12
326603,12
326605,12
326624,5
326636,18
326672,18
326778,18
326782,18
326783,18
326784,18
326785,18
326807,0
326808,0
326809,0
326812,0
326815,0
326875,18
327083,18
327084,18
327217,0
327412,18
327414,18
327660,0
327662,18
327752,5
327757,5
327758,18
327775,18
327909,18
328440,18
328467,18
328555,12
328556,12
328562,12
328565,12
328664,12
328680,18
328881,5
328917,5
328969,18
328988,18
328995,18
328996,18
329001,18
329278,18
329297,5
329310,18
329380,18
329518,18
329568,5
329876,18
329877,18
329988,0
32PHT4233S,18
32PHT5505,18
32PHT5813S,18
330190,18
330192,18
330193,18
330469,5
330535,18
330713,5
330761,18
330941,18
330948,18
331100,18
331105,18
331108,18
331111,18
331364,18
331365,18
331381,18
331401,40
331402,40
331412,5
331417,5
331418,5
331419,5
331420,5
331421,5
331422,5
331423,5
331426,5
331463,18
331464,18
331541,18
331563,12
331791,5
331792,5
331904,18
331905,18
331910,18
331924,18
331925,18
331927,18
331928,18
331929,18
331930,18
331978,5
332068,5
332069,5
332140,5
332164,40
332167,40
332173,40
332175,40
332176,40
332177,40
332207,12
332210,12
332212,12
332217,12
332219,12
332226,5
332227,0
332228,5
332229,0
332233,5
332247,5
332249,5
332251,5
332373,18
332399,18
332416,18
332417,18
332520,12
332529,12
332546,18
332555,5
332557,5
332571,5
332577,5
332580,5
332583,5
332586,5
332587,5
332638,18
332690,18
332696,18
332697,18
332706,18
332712,18
332738,18
332904,5
332930,5
332980,5
332984,18
332985,18
332986,0
332987,5
332988,5
333044,12
333093,18
333094,18
333101,18
333122,18
333157,18
333176,18
333182,18
333193,5
333346,12
333347,12
333349,12
333501,5
333503,5
333505,5
333527,5
333544,18
333642,18
333643,18
333666,18
333667,18
333820,12
333824,18
333826,12
333847,18
333876,12
333885,18
333887,18
333889,18
333890,18
333900,18
333927,12
333930,12
333932,12
333934,12
334046,5
334054,12
334065,5
334089,12
334093,12
334113,18
334114,18
334213,12
334312,18
334321,18
334379,18
334392,5
334397,18
334398,18
334399,18
334400,18
334401,18
334402,18
334443,18
334525,12
334537,12
334544,12
334553,12
334556,12
334621,18
334624,18
334626,18
334654,18
334665,18
334778,18
335031,12
335110,18
335114,18
335217,12
335225,18
335240,18
335241,18
335288,18
335504,18
335516,18
335553,5
335555,18
335556,18
335568,18
335569,18
335603,12
335733,18
335737,18
335808,12
335868,12
335872,18
336007,0
336130,18
336135,5
336136,5
336183,18
336185,18
336201,12
336211,18
336225,18
336254,5
336277,12
336313,5
336320,5
336321,12
336322,5
336324,5
336336,5
336356,5
336429,18
336430,18
336509,18
336832,5
336835,18
336866,18
336867,18
336971,18
336975,5
337000,12
337002,12
337056,12
337072,5
337184,12
337189,12
337237,18
337330,18
337331,18
337383,12
337399,18
337426,18
337452,18
337526,5
337622,18
337625,18
337627,18
337677,0
337711,40
337790,18
337830,12
337892,5
337906,5
337910,5
337913,5
337918,5
337951,18
338004,18
338150,5
338158,18
338400,12
338401,12
338536,0
338635,18
338641,18
338733,5
338737,5
338853,18
338863,12
338952,18
339007,18
339010,5
339011,5
339012,5
339013,5
339014,5
339019,12
339021,12
339022,12
339023,12
339024,12
339036,12
339051,18
339075,0
339078,0
339079,0
339092,18
339196,18
339197,18
339207,5
339272,5
339293,12
339298,12
339299,12
339305,5
339504,18
339536,12
339539,12
339542,12
339703,12
339705,12
339708,12
339896,12
339900,12
340068,12
340073,12
340099,5
3401,12
340126,18
340143,18
340268,18
340334,5
340335,5
340409,0
3405,12
340534,18
340592,18
340613,18
340616,12
340748,5
340749,5
340750,5
340752,5
340753,5
340754,5
340758,5
340759,5
340760,5
3408,12
340834,18
340846,12
340854,12
340878,12
3410,12
341095,18
341173,18
341174,18
341184,18
341186,18
3412,12
341200,18
341201,18
341205,18
341206,18
341233,18
341381,18
341423,5
341424,5
341425,5
341481,18
341487,12
341540,5
341755,12
341931,18
342039,18
342095,18
342098,18
342100,18
342101,18
342104,18
342105,18
342109,18
342205,18
342226,5
342227,5
342249,18
342258,18
342440,5
342445,5
342638,12
342641,12
342652,12
342659,12
342673,18
342677,0
342684,0
342698,18
342753,5
342754,5
342755,0
342830,5
342857,5
342899,12
342900,12
343177,18
343422,18
343423,18
343530,18
343531,18
343532,18
343556,12
343598,12
343613,18
343614,18
343623,40
343625,12
343645,12
343649,12
343820,0
343929,18
343957,0
343964,0
343971,0
344099,0
344106,0
344463,12
344511,5
344512,5
344513,5
344515,5
344518,18
344519,18
344520,18
344521,18
344532,18
344663,12
344711,18
344712,18
344753,18
344757,18
344799,5
345034,5
345036,5
345039,5
3451,12
345116,18
345121,0
345202,18
345204,18
345205,18
345206,18
345283,12
345285,12
345330,12
345332,12
345343,18
345349,18
345574,18
345591,18
345596,18
345597,18
345598,18
345602,18
345689,5
345730,5
345731,5
345879,18
345884,18
345955,5
345956,5
345957,5
345959,5
345990,12
346188,18
346209,12
346306,18
346380,12
346408,12
346409,12
346410,12
346411,12
346415,12
346417,18
346440,5
346441,5
346443,5
346444,5
346447,5
346469,18
346471,18
346515,0
346542,18
346544,18
346547,40
346549,40
346550,40
346554,40
346558,40
346559,40
346561,40
346563,12
346566,12
346569,5
347642,0
347696,0
347737,12
347742,18
347767,18
347768,18
347773,5
347777,5
347779,5
347919,0
348033,12
348068,18
348070,18
348076,0
348080,18
348084,0
348091,18
348132,18
348383,18
348387,18
349781,5
349782,18
349860,18
349869,18
350015,12
3501,12
350101,5
350102,5
3502,12
350253,5
350258,18
35035,12
35036,18
35037,18
35038,12
35039,12
3504,12
35044,12
35045,12
350478,0
350486,0
3505,12
3506,12
350637,18
350640,18
350642,18
350644,18
350683,18
350698,5
350699,5
3507,12
350701,5
350767,18
3510,12
351031,18
351039,18
351050,18
351055,18
351065,18
351072,12
351076,12
3511,12
351130,18
351131,18
35118,12
3512,12
351202,5
3513,12
351359,18
351401,18
351403,18
351590,18
351591,18
351703,18
351746,18
351747,18
351782,0
351784,18
351793,18
351835,12
351836,12
351842,12
351846,12
351847,12
351854,12
351858,12
351863,12
351865,12
351874,12
351878,12
351881,12
351884,12
351885,12
351889,12
351890,12
351894,12
351895,12
352195,12
352216,12
352219,12
352226,12
352436,5
352493,5
352533,12
352681,18
352682,18
352797,12
352817,18
352826,18
352836,12
352848,12
352934,12
352936,12
352937,12
352983,18
353021,18
353034,40
353090,12
353091,12
353092,5
353093,5
353099,5
353101,5
353126,18
353127,12
353191,0
353207,18
353231,40
353288,40
353329,0
353443,18
353478,18
353540,12
353545,12
353546,12
353579,12
353584,12
353585,12
353634,18
353644,18
353647,18
353658,18
353856,5
353857,5
353859,5
353860,5
353861,5
353862,5
353863,5
353865,5
353866,5
353869,18
353874,18
353885,18
353893,18
353894,18
353895,18
353896,18
353931,18
353994,18
354090,5
354096,5
354112,12
354120,12
354121,12
354198,12
354199,18
354202,18
354203,18
354205,18
354241,18
354279,5
354306,5
354467,18
354493,18
354494,18
354687,12
354688,12
355157,12
355158,12
355217,40
355218,40
355240,18
355448,18
355451,18
355453,0
355584,18
355598,12
355740,18
355861,12
355862,12
355863,12
356099,5
356417,12
356418,12
356419,12
356420,12
356518,18
356608,18
356612,18
356613,18
356647,0
356648,0
356649,0
356688,12
356718,12
356965,0
356979,0
356G,18
357054,0
357055,0
357077,12
357179,12
357182,12
357190,12
357240,12
357258,0
357334,12
357345,18
357347,18
357354,12
357356,5
357358,5
357362,12
357398,0
357420,18
357449,18
357539,12
357664,18
357671,12
357681,18
357688,12
357788,0
357798,0
357800,18
357802,18
357810,18
357814,18
357827,12
357839,12
357840,18
357847,40
357849,40
357850,40
358249,18
358250,18
358251,18
358267,12
358268,12
358375,18
358376,12
358377,12
358381,12
358429,12
358435,12
358436,12
358437,12
358503,12
358507,12
358508,12
358518,0
358551,18
358555,18
358557,18
358607,5
358659,18
358664,18
358693,18
358710,0
358713,0
358760,5
358772,5
358773,5
358788,18
358789,18
358849,5
358854,18
358855,18
358858,18
358864,12
358908,12
358979,12
359000,5
359405,40
359426,18
359436,12
359447,18
359448,18
359459,12
359465,18
359484,18
359612,5
359629,5
360024,18
360063,12
360064,12
360074,18
360076,18
360149,18
360158,12
360172,12
360176,12
360185,18
36022,18
36023,12
36024,12
360361,5
360460,18
360473,18
360474,18
360476,18
360764,18
360777,12
360843,12
360846,0
360985,18
360988,12
360989,18
360990,12
360992,18
360994,18
361042,12
361067,18
361068,5
361069,18
361070,18
361152,18
361154,18
361173,18
361242,5
361258,5
361344,5
361345,5
361353,12
361354,12
361356,12
361357,12
361435,12
361489,12
362022,18
362023,18
362024,18
362059,12
362060,12
362389,18
362527,18
362528,18
362643,18
362659,18
362842,18
362843,18
362845,18
362915,18
362916,5
362918,18
362940,18
362951,18
362953,18
362998,18
363002,18
363004,18
363006,18
36301,12
36302,12
36304,12
36305,12
363065,12
36307,12
36308,12
36310,12
36311,12
36314,12
36316,12
363168,18
36318,12
363305,18
36331,12
363349,18
363367,18
363406,5
363407,5
363408,5
363546,18
363553,18
363671,12
363681,18
363684,18
363730,18
363731,18
363732,12
363853,18
363878,5
363989,5
363991,5
364005,5
36406,12
36407,12
364098,18
364124,18
364126,18
364127,18
364135,18
364248,5
364361,18
364383,18
364385,5
364387,5
364389,5
364390,18
364559,18
364561,18
364562,18
364591,5
364592,5
364675,18
364706,18
364714,18
364817,18
364839,5
364845,5
364847,5
364920,5
364921,5
364922,5
364923,5
364925,0
364926,0
364928,0
364939,12
364941,5
364963,12
364965,12
364971,12
364972,12
364973,12
364975,12
36501,12
36502,12
36503,12
365065,5
365067,12
365075,18
365076,18
365081,18
365110,12
365111,12
365396,18
365445,18
365563,12
365570,18
365571,18
365573,18
365574,18
365575,18
365676,12
365690,18
365691,18
365693,18
365727,0
365747,12
365748,12
365758,18
365763,18
365784,12
365787,18
365813,5
365820,18
365822,5
365823,12
365858,5
365860,5
365967,12
365969,18
365973,18
365991,18
366019,12
366020,12
366022,12
366023,12
366024,12
366025,12
366484,12
366507,18
366533,12
366560,5
366604,5
366678,12
366841,18
366842,18
366918,18
366926,18
366943,12
366944,12
366946,12
366947,12
367008,12
367009,12
36717,12
36718,12
36720,12
36722,12
36725,12
36728,12
367280,18
367423,5
367482,18
36753,12
367536,12
367537,12
367539,12
36758,12
367670,18
367702,12
367703,12
36775,12
36777,12
367777,12
36778,12
36779,12
36788,12
36789,12
36800,12
36802,12
36804,12
36805,12
36806,12
36807,12
368136,0
368138,18
368139,18
368140,18
368142,18
36818,12
368181,0
36819,12
36820,12
368200,5
368201,5
368202,5
368206,18
36821,12
368212,12
368213,12
368215,18
36822,12
36824,12
36825,12
36826,12
368273,0
368287,0
368531,18
368532,18
368666,5
368703,12
368704,12
368720,18
368742,18
368743,5
368748,18
368823,18
368892,5
368932,12
368933,12
368934,12
368936,18
368950,0
369090,18
369091,18
369092,18
369093,18
369167,18
369171,12
369178,12
369241,18
369504,12
369606,12
369608,12
369615,12
369616,12
369617,12
369697,18
369928,18
370076,18
3701,12
370113,12
370188,18
3702,12
3703,12
370393,12
370394,12
370455,12
37067,12
37068,12
371031,18
371033,18
371056,18
371060,18
371110,18
371111,18
371112,18
371340,5
371365,18
371456,5
371458,5
371459,5
371581,12
371583,12
371585,18
371588,18
371589,18
371640,12
371642,12
371885,18
371890,0
371892,0
372010,18
372011,18
372012,0
372116,5
372118,5
372120,5
372208,0
372404,5
372405,5
372406,5
372545,5
372558,5
372572,5
372573,18
372575,18
372579,18
372581,18
372582,18
372583,18
372585,18
372587,18
372588,18
372589,18
372593,18
372614,5
372617,18
372618,18
372637,18
372638,18
372640,18
372641,18
372642,18
372644,18
372673,5
372679,12
372680,12
372817,18
372886,18
372908,18
373065,18
373073,5
373118,12
373375,18
373401,18
373405,18
373451,18
373471,18
373512,18
373513,18
373518,18
373541,18
373542,18
373885,18
373917,12
373918,12
373924,12
373925,12
373926,12
373927,12
373975,5
373976,5
373977,5
374024,5
374065,12
374067,18
374069,18
374070,18
374183,12
374185,18
374223,18
374247,18
374248,18
374307,12
374308,12
374314,40
374352,18
374362,5
374363,5
374364,5
374372,12
374374,12
374379,12
374684,12
374731,5
374732,5
374765,12
374805,5
374820,18
374830,18
374867,12
374936,18
374937,12
374957,12
374958,12
374959,12
375107,18
375110,18
375113,18
375123,18
375124,18
375125,18
375126,18
375127,18
375161,12
375175,18
375176,18
375181,18
375260,18
375307,18
375329,18
375331,12
375518,0
375519,0
375520,0
375521,0
375585,12
375586,12
375612,18
375613,18
375686,18
375696,18
375715,18
375716,18
375972,18
376223,5
376224,5
376225,5
376267,12
376290,12
376293,12
376294,12
376295,12
376356,18
376357,18
376384,18
376388,18
376399,18
376400,18
376408,18
376413,12
376415,12
376416,12
376420,12
376428,12
376432,12
376436,12
376437,12
376440,12
376457,18
376458,18
376464,18
376466,18
376474,18
376475,18
376499,18
376501,18
376505,18
376506,18
376508,18
376509,18
376517,18
376538,18
376584,18
376648,12
376765,12
376766,12
376769,12
376779,18
376821,12
376878,18
376901,18
376903,18
376904,18
376908,18
376909,18
376910,18
376911,0
376946,18
376947,18
377039,0
377041,12
377042,12
377043,12
377044,12
377045,12
377186,18
377215,5
377216,5
377220,12
377222,12
377223,12
377224,12
377226,12
377227,12
377228,12
377278,18
377279,18
377280,18
377289,18
377413,18
377414,18
377427,18
377428,18
377447,18
377586,18
377606,18
377630,18
377632,18
377735,18
377800,5
377802,5
377828,18
377829,18
377838,18
377839,18
377874,12
377875,5
377958,0
377965,18
377991,18
377998,18
377999,18
378000,18
378001,0
378037,12
378171,18
378177,18
378243,18
378244,18
378333,5
378334,5
378342,5
378343,5
378344,5
378345,0
378347,5
378375,0
378384,5
378407,18
378408,18
378447,5
378448,5
378656,18
378772,18
378781,18
378803,18
378804,18
378805,18
378806,18
378943,12
378944,12
378954,18
378955,18
378956,12
378960,12
379008,40
379009,40
379010,40
379011,40
379037,18
379038,18
379039,18
379057,5
379195,18
379196,18
379197,18
379198,18
379199,18
379215,18
379216,18
379218,18
379219,0
379222,0
379223,0
379224,0
379225,0
379226,0
379306,12
379313,12
379314,12
379317,12
379329,18
379549,5
379550,5
379577,0
379578,0
379616,5
379676,18
379705,18
379709,18
379727,18
379728,18
379729,18
379739,18
379908,18
379909,18
379917,18
379918,18
379919,18
379941,5
379942,5
379946,18
379948,18
379949,12
379950,12
379953,18
379962,18
379987,5
380024,18
380134,0
380135,5
380137,0
380138,0
380148,5
380150,5
380151,5
380152,5
380153,0
380189,12
380191,12
380232,18
380233,18
380426,12
380427,12
380464,12
380467,12
380471,12
380475,18
380476,12
380507,12
380511,12
380515,12
380516,12
380517,12
380548,18
380566,12
380584,0
380656,18
380657,5
380658,5
380694,18
380708,0
380737,18
380757,18
380781,18
380785,18
380807,18
380957,18
380958,18
380976,18
380977,18
380978,18
380980,12
380981,18
381107,12
381121,18
381122,18
381208,0
381209,0
381211,12
381213,12
381214,12
381215,12
381216,5
381217,5
381218,12
381219,5
381220,12
381221,12
381222,12
381223,12
381224,12
381225,12
381259,0
381269,12
381270,12
381332,5
381335,5
381420,18
381421,18
381422,18
381423,18
381433,18
381436,18
381565,18
381566,18
381567,18
381646,5
381739,12
381813,12
381815,0
381828,18
382004,18
382005,18
382006,18
382007,18
382019,5
382023,18
382024,18
382031,5
382049,12
382050,5
382075,0
382078,18
382114,18
382123,0
382124,5
382127,0
382130,18
382131,5
382132,0
382143,5
382182,5
382183,5
382242,18
382263,18
382265,18
382273,18
382274,18
382276,18
382498,12
382504,12
382505,12
382507,12
382588,5
382614,0
382616,12
382618,18
382701,18
382704,18
382706,18
382739,18
382892,18
382893,18
382897,18
382898,18
382931,5
383012,18
383014,12
383074,18
383075,18
383076,18
383156,18
383173,18
383192,12
383193,12
383194,12
383196,12
383197,12
383199,12
383200,12
383201,12
383202,12
383203,12
383216,0
383251,18
383253,18
383257,18
383261,18
383263,18
383265,18
383273,18
383311,18
383409,12
383440,12
383452,12
383458,18
383514,12
383515,12
383534,18
383606,18
383630,5
383763,18
383764,18
383765,18
383766,18
383767,18
383868,5
383914,12
383920,12
383921,12
384037,18
384053,12
384055,12
384056,12
384068,18
384069,18
384070,18
384071,18
384183,18
384190,18
384237,5
384239,5
384241,5
384242,5
384245,5
384246,5
384247,5
384275,5
384276,5
384277,0
384313,12
384322,18
384324,18
384341,0
384342,0
384351,0
384417,12
384418,12
384419,12
384420,12
384429,18
384459,5
384463,12
384512,18
384514,18
384516,18
384521,18
384523,18
384549,5
384550,5
384562,12
384563,12
384566,12
384627,18
384628,18
384778,12
384890,5
384891,5
384897,5
384923,18
384944,5
385033,5
385034,5
385035,5
385036,5
385037,5
385038,5
385040,5
385042,5
385044,5
385048,5
385049,5
385050,5
385057,5
385059,5
385060,5
385061,5
385062,5
385063,5
385064,5
385074,5
385077,5
385078,5
385086,5
385087,5
385089,5
385090,5
385091,5
385092,5
385106,5
385107,5
385109,5
385111,5
385112,18
385117,5
385118,5
385121,5
385122,5
385131,5
385135,0
385137,5
385138,5
385139,5
385151,5
385155,5
385158,5
385159,5
385160,5
385161,5
385171,5
385175,5
385216,18
385217,12
385288,12
385295,18
385296,18
385297,0
385316,18
385319,18
385320,18
385321,18
385327,18
385330,18
385331,18
385392,18
385471,12
385486,12
385488,12
385497,12
385498,12
385575,12
385577,12
385628,18
385629,18
385728,5
385740,5
385780,5
385781,5
385787,5
385788,5
385829,18
385830,12
385831,12
386010,18
386050,18
386060,18
386061,18
386116,5
386117,5
386221,18
386222,18
386223,18
386227,12
386228,12
386229,12
386230,12
386231,12
386232,12
386233,12
386234,12
386239,12
386240,12
386243,12
386245,12
386246,12
386271,12
386272,12
386273,12
386279,12
386287,12
386288,12
386289,12
386290,12
386291,12
386514,18
386714,12
386811,18
386813,18
386814,18
386845,12
386846,12
386854,12
386855,12
386868,5
386955,12
386975,12
387065,12
387070,12
387071,18
387072,18
387091,18
387097,18
387098,18
387100,18
387102,12
387103,12
387105,18
387106,18
387108,18
387133,18
387136,18
387137,18
387163,12
387194,12
387195,12
387198,12
387225,5
387226,5
387227,5
387248,18
387315,18
387316,5
387317,5
387318,5
387347,5
387376,5
387377,5
387480,12
387495,18
387498,18
387612,18
387788,18
387790,18
387793,18
387794,18
387795,18
387888,5
387890,5
387892,5
387893,5
387894,5
387919,18
387920,18
387924,18
387926,18
387931,18
387933,18
387939,18
387947,18
387954,18
387993,0
388018,18
388020,18
388034,18
388084,5
388085,5
388089,5
388090,5
388091,5
388092,5
388093,5
388100,5
388101,5
388102,5
388103,5
388104,5
388119,5
388120,5
388121,5
388122,5
388131,18
388135,5
388137,5
388138,5
388155,18
388157,18
388158,18
388204,18
388206,18
388208,18
388210,18
388258,12
388264,12
388265,12
388266,12
388271,12
388274,12
388275,12
388277,12
388278,12
388301,12
388302,18
388303,18
388326,5
388374,18
388375,18
388493,12
388496,5
388497,5
388505,12
388507,12
388509,12
388516,5
388517,5
388565,0
388667,0
388729,18
388735,5
388821,18
388839,12
388856,18
388857,18
388963,0
389392,18
389489,18
389559,12
389560,12
389739,12
389740,12
389741,12
389747,12
389748,12
389749,12
389750,12
389766,12
389768,12
389769,12
389773,12
389996,18
389997,18
390022,12
390024,18
390025,12
390057,12
390087,5
390088,5
390131,12
390135,12
390198,18
390199,18
390236,18
390246,12
390282,5
390298,18
390299,18
390300,18
390302,18
390304,18
390305,18
390307,18
390317,18
390318,18
390320,18
390323,18
390350,0
390351,0
390352,5
390353,5
390678,0
390689,12
390706,18
390749,18
390750,18
390869,18
390870,18
390871,18
390874,18
390877,18
391031,18
391033,18
391362,5
391363,5
391366,12
391368,5
391391,12
391392,12
391422,12
391449,12
391460,18
391461,18
391481,18
391622,12
391661,0
391667,18
391668,12
391756,18
391763,12
391783,18
391784,18
391798,0
391893,18
391894,18
391895,18
391898,18
391900,5
391910,12
391998,12
392009,12
392150,18
392152,18
392166,18
392167,18
392185,18
392317,5
392389,12
392392,12
392418,12
392419,12
392420,12
392442,12
392444,18
392445,18
392446,18
392447,18
392448,18
392449,12
392450,12
392451,12
392452,12
392457,12
392467,18
392532,12
392533,12
392567,12
392568,12
392603,12
392604,12
392682,5
392686,5
392705,18
392706,18
392719,5
392726,0
392727,0
392730,5
392733,18
392739,0
392740,5
392744,0
392747,0
392748,5
392749,0
392750,0
392751,0
392752,0
392754,0
392755,0
392756,5
392757,0
392758,0
392759,0
392762,0
392763,0
392764,0
392765,0
392767,0
392768,0
392771,0
392772,0
392774,0
392776,0
392777,0
392778,0
392779,0
392780,0
392781,0
392784,5
392785,0
392804,0
392807,0
392810,0
392814,0
392821,0
392823,0
392831,0
392835,5
392836,0
392837,5
392842,0
392845,0
392846,0
392847,0
392848,0
392853,0
392854,0
392856,0
392863,0
392867,0
392911,0
392913,18
392957,18
392961,0
392966,0
392991,0
393003,18
393007,18
393023,12
393037,0
393039,0
393045,0
393049,12
393051,12
393057,12
393059,12
393063,12
393064,12
393065,18
393066,18
393132,18
393134,18
393135,18
393170,18
393172,18
393174,18
393185,18
393186,18
393187,18
393204,18
393276,5
393278,5
393282,5
393301,18
393305,12
393329,0
393574,18
393575,18
393576,18
393716,18
393726,18
393803,18
393886,12
393887,12
393888,12
393889,12
393892,12
393893,12
393894,12
393895,12
393896,12
393898,12
393909,12
393953,12
394056,18
394074,18
394080,18
394623,5
394765,18
394842,18
394859,12
394905,5
394906,5
395229,5
395300,18
395308,40
395325,40
395374,18
395375,18
395407,18
395408,18
395420,40
395422,40
395838,18
396064,12
396065,12
396066,12
396070,12
396071,12
396072,12
396258,12
396317,5
396743,18
396932,12
397008,12
397009,12
397073,18
397272,5
397379,18
397380,18
397382,18
397416,18
397418,18
397419,18
397421,18
397434,18
397539,18
397541,18
397560,18
397651,12
397653,12
397661,18
397662,18
397664,18
397702,18
397704,18
397733,18
397783,5
397877,18
397878,18
397986,18
398014,5
398015,5
398057,18
398188,18
398258,18
398260,18
398262,18
398263,18
398285,18
398287,18
398288,18
398289,18
398292,18
398293,18
398499,18
398514,18
398515,18
398516,12
398526,12
398566,18
398577,18
398579,18
398580,18
398616,18
398711,5
398712,5
398759,12
398760,18
398761,12
398812,18
398874,18
398911,18
398916,18
398991,18
399018,5
399020,12
399021,18
399022,18
399024,18
399027,0
399028,0
399048,12
399049,18
399059,18
399060,18
399061,18
399064,18
399071,18
399219,18
399220,18
399243,12
399357,18
399368,18
399402,12
399491,0
399492,0
399493,0
399522,0
399533,0
399624,18
399709,18
399798,12
399820,12
39O (0) 80 002,18
39V (0) 09 004,18
39V (0) 09 008,18
39V (0) 09 010,18
40000,18
400006,18
400008,18
400020,5
400021,5
40003,18
400081,5
40011375338N,18
40011377126N,18
40011377332N,18
40011LX600N,18
40015374026N,18
40015377233N,18
400250,12
400251,18
400252,18
400284,18
400285,18
400286,18
400384,0
400385,0
400392,18
400400,12
400458,18
400461,18
40053,18
40054,18
400546,18
400593,18
400594,18
400645,5
40066,18
400673,18
400676,18
40068,18
400689,18
400690,18
400691,18
400692,18
400697,18
400698,18
400707,18
40073,18
40077,18
40078,18
400794,18
400800,18
40081,18
400816,18
400818,18
40082,18
400823,18
400824,18
400830,18
40088,18
400887,12
40089,18
40090,18
40091,18
400921,12
400922,12
400925,12
400926,12
400934,18
400935,18
400936,12
401090,18
401245,5
401275,18
401276,18
401409,12
401410,12
401454,18
401455,5
401468,5
401476,5
40150,18
40158,18
401614,18
401615,18
401616,18
401617,18
401618,18
401654,18
401655,18
40166,18
401672,5
401675,5
401677,5
401683,5
401690,18
40170,18
401715,12
401716,12
401726,12
401727,12
401728,18
401729,18
40173,18
40177,18
401777,5
401778,5
401819,12
40184,18
40185,18
401854,18
401856,5
401858,5
40186,18
40187,18
401933,5
401981,5
402,18
402044,5
40205,18
402063,18
402065,18
402084,18
402096,18
402097,18
402098,18
40211,18
402135,18
402173,18
402185,0
402187,18
402189,0
402191,0
402193,18
402203,5
402360,12
402361,12
402426,5
402427,5
402431,5
402432,5
402433,5
402461,18
402526,18
402529,18
402540,18
40257,18
402622,18
402658,18
40271,18
402727,5
402728,5
402729,5
402730,5
402731,5
402732,5
402733,0
402734,5
402735,5
402737,5
402738,5
402739,5
40274,18
402741,5
402745,5
402746,5
402748,5
402775,0
402776,0
402777,0
40278,18
402831,0
402839,18
402853,18
402854,18
402861,12
40287,18
40289,18
402996,18
402997,18
403074,18
403203,12
403282,18
403283,18
403284,18
403285,18
403425,18
403545,5
40355,18
403553,5
403555,5
403556,5
403557,5
403558,5
403559,5
40356,18
403560,5
403577,18
40358,18
403710526N,18
403732,18
403750,18
403769,18
403833,18
403846,18
403847,18
403852,12
403853,12
403854,12
403855,12
403874,12
403952,0
403958,12
403960,0
403961,0
403964,12
403966,12
403976,18
404010,12
404011,12
404045,18
404109,18
404156,0
404157,0
404193,5
404194,5
404195,5
404196,5
404197,5
404198,5
404214,5
404216,5
404221,5
404322,18
404323,18
404345,5
404347,5
404349,5
404353,5
404369,18
404379,18
404380,18
404386,18
404387,18
404428,5
404434,5
404459,5
404472,18
404473,18
404482,18
404483,18
404486,18
404653,0
404654,0
404657,0
404658,0
404659,0
404661,12
404700003001U,18
404700203001U,18
404700204001U,18
404700402001U,18
404700403001U,18
404741,12
404743,12
404753,12
404759,12
404794,18
404795,18
404819,18
404824,18
404836,0
404840,18
404844,18
404846,18
404925,18
404935,18
404936,18
404937,18
404938,18
404939,18
404954,5
404987,12
405010,5
405022,18
405138,0
405140,0
405141,0
405143,0
405147,0
405149,0
405152,0
405154,0
405155,0
405156,0
405158,0
405161,0
405162,0
405163,0
405186,0
405190,0
405193,0
405194,0
405215,0
405216,0
405217,0
405232,18
405243,18
405261,18
405266,5
405268,18
405272,18
405276,18
405277,18
405293,18
405295,18
405296,18
405297,18
405304,12
405307,12
405315,5
405316,5
405317,5
405371,18
405399,18
405402,18
405426,18
405433,12
405495,18
405498,18
405505,18
405554,18
405555,18
405571,12
405582,18
40562,18
40563,18
40565,18
405670,18
405671,18
405772,18
405794,18
405800,18
405807,18
405809,18
405815,18
405818,18
405822,18
405823,18
405824,18
405853,18
405855,18
405873,18
405889,18
405891,5
406002,18
406004,18
406075,18
406088,5
406222,18
406223,18
406225,18
406226,18
406254,12
4064812132SEA,12
406484012207BK,12
406484012207BL,12
406484012207CB,12
40649070708,12
40649080708,12
406690,12
406709,18
406710,18
406711,18
406778,12
406781,12
406782,12
406783,12
406865,12
406886,18
406887,18
407120,18
407136,18
407150,18
407163,18
407176,18
407177,18
407180,18
407182,18
407222,18
407224,18
407227,18
407232,18
407365,18
407383,18
407392,18
407411,18
407522,18
407908,12
407930,12
407931,12
407941,12
407991,12
408001080052N,18
408004,12
408176,18
408197,18
408236,18
408279,40
408280,40
408369,5
408393,18
408447,18
408448,18
408495,18
408513,12
408629,18
408633,18
408636,18
408654,18
408701,18
408702,18
408704,18
408705,18
408709,18
408710,18
408712,18
408732,12
408734,18
408737,18
408738,18
408739,18
408816,18
408817,18
408820,18
408948,0
408949,0
408950,5
408958,12
408961,12
408965,5
408984,12
408988,0
408989,0
409150,12
409177,18
409180,18
409183,18
409184,18
409185,18
409195,0
409218,18
409219,18
409233,18
409235,18
409240,18
409258,5
409271,18
409272,18
409285,5
409430,18
409525,18
409526,18
409527,18
409528,18
409529,18
409639,18
409653,18
409654,18
409655,18
409668,18
409685,12
409686,12
409694,18
409705,12
409706,12
409710,18
409715,18
409721,12
409775,18
409776,18
409780,12
409815,12
409816,12
409817,12
409818,12
409819,12
409820,12
409824,18
409825,18
409826,18
409828,12
409831,18
409832,18
409838,5
409858,12
409869,18
409872,18
409904,5
409905,5
40O (0) 01 001,18
40X (0) 01 008,18
410057,18
410059,18
41011,18
41012,18
41015,18
410263,18
410289,18
410298,18
41030,18
410315,18
41033,18
41038,18
410384,12
41043,18
410510,18
410516,5
410567,0
410589,18
410598,18
410617,5
410621,18
410642,18
410643,18
410644,18
410645,18
410646,18
410658,18
410702,5
410703,5
410719,18
410769,18
410811,18
410812,18
410813,18
410815,18
410816,18
410817,18
410818,18
410833,18
410840,18
410843,18
410846,18
410849,18
410850,18
410851,18
410853,18
410858,18
410861,18
410865,18
410876,18
410878,18
410883,18
410914,18
410915,18
410917,18
410919,18
410920,18
410924,18
410925,18
411053,18
41107,18
41108,18
41110,18
411143,18
411148,18
411149,18
41115,18
411150,18
411151,18
411155,18
411156,18
411157,18
411158,18
411159,18
41116,18
411235,12
411239,5
411241,5
411243,5
411250,5
411251,5
411255,18
411258,0
411266,5
411317,18
411319,18
411320,18
411321,18
411322,18
411331,12
411332,12
411333,12
411334,12
411341,12
411351,12
411357,12
411358,12
411361,12
411366,12
411367,12
411368,12
411553,18
411554,12
411555,12
411628,18
411629,18
411764,18
411766,18
411767,18
411814,12
411863,18
411864,18
411892,0
411929,18
411931,18
411953,0
411965,18
411969,18
412,18
41202,5
412044,12
412099,18
412102,18
412109,12
412110,12
412111,12
41213,18
41215,18
412192,18
412193,18
412194,18
412195,18
412196,18
412197,18
4122116020NS,18
41221370234N,18
41221371034N,18
41221380246N,18
41221381051N,18
412253,12
4122533021N,18
4122533022N,18
412254,12
4122545700N,18
412256,12
412258,12
412260,18
412262,18
412272,18
412273,18
412274,12
412279,5
412280,5
4123134025N,18
412318,18
412337,12
412357,18
412413,0
412414,0
412415,0
412426,12
412432,12
412434,12
41245381642N,18
412572,18
412575,18
412576,18
412579,5
412589,12
412592,12
412601,18
412626,12
41266,18
412666,18
41268,18
41269,18
41271,18
412732,18
412745,12
412764,5
412768,18
41279,18
412794,18
412803,18
41281,18
41282,18
412849,18
41286,18
412874,18
412875,18
412877,18
412882,12
412887,18
412888,12
412891,18
412892,12
412895,12
412896,12
412899,12
412900,12
412901,12
412903,18
412906,18
412907,18
412966,12
41303,18
413075,12
413076,12
413079,12
413080,12
41319,18
41320,18
413228,18
413256,12
413260,18
41331,18
413334,18
413349,12
413354,12
41337,18
413399,12
413400,12
413401,12
413402,12
413403,18
41343,18
413432,18
413461,5
41353,18
413531,0
413533,5
413534,12
413535,5
413536,5
413541,5
413542,5
413543,5
413547,0
413557,0
413558,18
41356,18
413562,18
413563,18
413580,5
413582,18
41360,18
41363,18
413634,5
413635,5
41366,18
413689,12
413692,12
41371,18
413717,18
41372,18
413725,18
413731,18
413732,18
413744,18
413754,0
413784,0
413789,5
413790,5
41380,18
413833,5
413840,5
413841,5
413842,12
413846,18
413847,18
413865,5
41388,18
413891,12
413897,12
413911,18
413913,18
413914,18
413922,18
413923,18
413928,18
41394,18
413962,18
413963,18
413964,18
413965,18
413967,18
413970,18
414005,18
414006,18
414007,18
414008,18
414009,18
414018,18
414020,18
414029,18
414045,18
414048,18
41407,18
414092,18
414096,18
414097,18
414113,18
414119,5
414162,12
414230,18
414231,18
414232,18
414233,18
414234,5
414235,5
414329,5
414347,18
414349,18
414352,18
414354,18
414357,18
414359,18
414360,18
414420,0
414427,18
414428,18
414429,18
414433,18
414434,18
414644,18
414648,18
414651,18
414652,18
414653,18
414655,18
414657,18
414660,18
41467,18
41468,18
414686,0
414830,18
414833,18
414847,12
414848,12
41496,18
415032,18
415037,18
415041,18
415042,12
415044,18
415104,18
415110,18
415114,5
415138,12
415150,12
415161,5
415162,5
415251,18
415252,18
415270,5
415272,5
415274,5
415275,5
415276,0
415289,18
415290,18
415291,18
415292,18
415293,18
415294,18
415295,18
415296,12
415311,18
415316,18
415317,18
415403,5
415427,18
415428,18
415437,18
415438,18
415547,5
415569,18
415573,5
415574,5
415575,12
415577,12
415728,12
41573,18
415749,18
41575,18
415755,18
415756,18
415758,18
41576,18
415760,18
415762,18
415764,18
415821,5
41584,18
41587,18
41588,18
41593,18
41596,18
41598,18
416,18
416162,12
416207,12
416238,18
416250,5
416253,5
416254,5
416255,5
416270,5
416282,5
416316,5
416317,5
41633,18
41634,18
416404,18
416405,18
416410,0
416411,18
416448,18
416521,18
416523,18
416624,5
416625,5
416631,5
416633,5
416645,18
416725,18
416762,18
416908,18
416928,18
416929,18
41704,18
41705,18
41714,18
417469,18
417470,18
417471,18
417472,18
417478,18
417479,18
417480,18
417481,18
417482,18
41752,18
417542,18
417543,18
417547,18
41760,18
41764,18
41765,18
41766,18
41767,18
417740,18
417941,18
417961,5
417965,18
418018,12
418019,12
418020,12
418073,18
418602,18
418603,18
418604,18
418605,18
418694,18
418720,5
418777,0
418778,0
418779,0
418817,18
418990,5
419,18
41911,18
41915,18
419229,18
419230,18
41935,18
419419,12
41944,18
41949,18
41950,18
41953,18
419570,12
41959,18
41960,18
41963,18
41966,18
41969,18
41970,18
41971,18
419772,5
419777,5
419888,18
419937,18
419979,18
419996,5
41O (0) 11 001,18
41O (0) 30 003,18
420226,18
420338,18
420381,18
420382,18
420434,12
420436,5
420439,0
420441,12
420443,12
420444,12
420446,5
420447,5
420450,5
420597,18
420695,18
420978,18
421007,18
421398,5
421399,5
421400,5
421412,18
421644,12
421645,12
214217,5
421770,5
421771,5
421917,12
421919,18
421989,18
422,18
42202,18
42205,18
422139,18
42214,18
42218,18
422300,18
422302,18
422437,12
422438,12
422497,5
422608,18
422652,5
422655,5
42275,18
422858,12
422859,12
42307,18
42308,18
42310,18
423143,12
423585,18
423710,12
423711,12
423712,12
423741,18
423825,5
423837,5
423838,5
42502,18
42610,18
42613,18
42652,18
42655,18
42656,18
42701,18
42702,18
42705,18
42706,18
42783,12
42795,12
42796,12
42797,12
42803,12
43024,18
43038,18
43047,18
440216,18
4403,18
4405,18
4406,18
4407,18
4408,18
4409,18
4410,18
4411,18
4412,18
49002,18
49003,18
49008,18
49022,18
49O (0) 81 002,18
4A306439C237,12
4A871201E100,12
4A871501E100,12
4A871503E100,12
4A871503E200,12
4A871503E300,12
4A871504E200,12
4A871504E300,12
4A871599D100,12
4A871599D200,12
4A879003E300,12
4A879004E300,12
4A879004E400,12
4A879005E300,12
4A879006E300,12
4A879006E400,12
4A890303E100,12
4A890306E300,12
4A890312E200,12
4A890312E300,12
4A890314E200,12
4A890399D100,12
4A890501E100,12
4A890503E100,12
4A890503E200,12
4A890512E200,12
4A890513E100,12
4A890599D100,12
4A890712E200,12
4A890799D100,12
4A892199D100,12
4A971503E200,12
4A990312E200,12
4A990312E300,12
4B056344E200,12
4B056344E300,12
4B056444E200,12
4B056444E300,12
4B651501R100,12
4B651501R200,12
4B651501S101,12
4B653501S101,12
4B659001R200,12
4B659001R300,12
4B660301U100,12
4B660301U200,12
4B660301U300,12
4B660301V100,12
4B660501U100,12
4B660501U200,12
4B660501U300,12
4B751501R200,12
4B760501U200,12
4B816301X200,12
4B816301X300,12
4B816401X100,12
4B816401X200,12
4B816469C100,12
4B851202R100,12
4B851202S100,12
4B851502R100,12
4B851502S100,12
4B851502U300,12
4B851502W100,12
4B851502W200,12
4B851502X200,12
4B859002W200,12
4B859002W300,12
4B859002X300,12
4B880302V300,12
4B880302X100,12
4B880302X200,12
4B880302X300,12
4B880304H200,12
4B880304L100,12
4B880304M300,12
4B880502X200,12
4B880502X300,12
4B880504H100,12
4B880504H200,12
4B880504L100,12
4B896303I100,12
4B896303I200,12
4B896303I300,12
4B896403I100,12
4B896403I200,12
4B896403I300,12
4B996403I200,12
4C201502V300,12
4PKL180306287G,12
4PKL180407287G,12
4PKL190816067,12
4PKR180204287B,12
4PKR180204287G,12
4PKR180306287B,12
4PKR180306287G,12
4PKR180407287B,12
4PKR180407287G,12
4PKR190816067,12
501,18
502,18
505,18
509,18
50O (0) 83 002,18
50O (0) 84 002,18
50PUT6604,28
516,18
517,18
521,18
5218031,18
5218038,18
5218041,18
5218055,18
5218081,18
5218126,18
5218129,18
5218131,18
5219001,18
5219002,18
5219004,18
5219006,18
5219009,18
5219010,18
5219011,18
5219032,18
5219058,18
5219059,18
5219062,18
5219063,18
5219110,18
5219124,18
5219125,18
5219126,18
5219127,18
5220050,18
5220053,18
5220106,18
5220114,18
5220163,18
5220241,18
525,18
529,18
5313269,12
5313347,12
5313350,12
5313354,12
5314128,12
5314129,12
5314130,12
5316120,12
5316135,12
5316224,12
5316225,12
5316226,12
5317001,12
5317004,12
5317010,12
5317355,12
5318016,12
5318017,12
5319001,12
5319002,12
5319003,12
5319004,12
5319005,12
5319007,12
5319008,12
5319009,12
5319164,12
5319166,12
5319221,12
5319223,12
5319224,12
5319225,12
5319226,12
5319227,12
5319228,12
5319229,12
5319231,12
5319263,12
5319264,12
5319266,12
5319267,12
5319293,12
5319414,12
5319415,12
5319416,12
5319417,12
5319418,12
5319420,12
5319421,12
5319422,12
5319423,12
5319424,12
5319427,12
5319428,12
5319429,12
5319430,12
5319431,12
5319432,12
5319433,12
5319434,12
5319435,12
5319436,12
5319437,12
5319438,12
5319439,12
5319440,12
5319441,12
5319442,12
5319459,12
5319460,12
5319461,12
5319462,12
534,18
536,18
54O (0) 09 001,18
550,18
551,18
553-323-A,12
558,18
559,18
560,18
569,18
56T (0) 09 006,18
571,18
58PUT6604,28
5919001OG,18
5919003OG,18
5919005OG,18
5919006OG,18
5919007OG,18
5919008OG,18
5919009OG,18
5919010OG,18
5919011OG,18
5919013OG,18
5919017OG,18
5919018OG,18
5919318OG,18
5919319OG,18
5919324OG,18
5919576OG,18
601169055,18
603,18
60478,12
605,18
606-609-A,18
611250755,18
611251755,18
611253755,18
612475453,12
612485415,12
6136b-E-A,12
641935412,12
641935612,12
642125512,12
64212551220,12
64212551249,12
64213551223,12
642145412,12
642405512,12
642545515,12
642555515,12
642655612,12
642725612,12
642745512,12
668-48,18
678-103,12
678-103-A,12
678-104-A,12
678A,18
67Z (0) 09 002,18
703,18
7050,12
70PUT6704,28
710,18
711,18
711007_02,18
712,18
713102_36,18
715,18
717,18
719,18
723,18
729,18
737,18
738,18
740,18
741,18
743,18
744,18
7637,12
77008-s-A,12
8002-Se-A,12
118009,18
801,18
804,18
817,18
8661,18
902,18
90O (0) 31 011,18
90O (0) 31 012,18
90O (0) 31 013,18
90O (0) 31 014,18
90O (0) 31 015,18
90O (0) 31 016,18
916,18
91D (0) 09 011,18
91D (0) 09 012,18
91D (0) 09 014,18
91D (0) 09 114,18
929-B2 -A,12
279819,5
99496,12
99497,12
99506,12
99530,12
99531,12
99532,12
99533,12
999-2,18
9W Inverter Bulb,12
A4-1,18
Aavante Bar 1280,18
AC0817,18
AC1217,18
AC2958-63,18
AC3059-65,18
ACGIH-IHL101,18
ACGIH-IHL102,18
ACGIH-IHL104,18
ACGIH-IHL151,18
ACGIH-IHL152,18
ACGIH-IHL154,18
ACGIH-IHL201,18
ACGIH-IHL251,18
ACPUWP,18
AERUM,18
AGO,18
Airdopes-443,18
Airdops-203,18
AIWH-3LRPIDJT3KW5Y,18
AIWH-3LSOLNEO3KW5Y,18
AMUWP,18
AN0 (0) 39 001,18
ANG001M,18
AP12WL,12
AQU001,18
AS4 (0) 09 004,18
AS4 (0) 41 001,18
AS5 (0) 09 006,18
AS5 (0) 41 007,18
ASSU,18
ASWH-1810,18
ASWH-1815,18
ASWH-1825,18
ASWH-1910SHz,18
ASWH-1915SHz,18
ASWH-1925SHz,18
ASWH-2010,18
ASWH-2015,18
ASWH-2025,18
ASWH-2415,18
ASWH-2425,18
ASWH-2735,18
ASWH-2750,18
ASWH-3006,18
ASWH-3010,18
ASWH-3015,18
ASWH-3025,18
ASWH1310-WHT/BLU,18
ASWH1315-WHT/BLU,18
ASWH1325-WHT/BLU,18
ASWH1606,18
ASWH1610,18
ASWH1615,18
ASWH1625,18
AUX-1,18
AVI001,12
AVI002,12
AVI003,12
AVI004,12
AZZ001,18
AZZ001M,18
AZZ002,18
AZZ002M,18
AZZ003,18
AZZ003M,18
AZZ004M,18
Bassheads 110,18
BEL550MS0I,18
BEN001M,18
BEN002M,18
BEN003W,18
BEN004M,18
BEN005W,18
BEN006W,18
BEN007M,18
BEN008M,18
BEN009M,18
BEN010W,18
BEN011W,18
BEN012M,18
BEN013M,18
BEN014W,18
BEN015W,18
BEN016M,18
BEN017M,18
BF-630A-A,18
BG-1001B,12
BG-1002B,12
BG-1003B,12
BG-1089B,12
BG-1092B,12
BG-1093B,12
BG-1095B,12
BG-1096B,12
BG-1097B,12
BG-193,18
BG-194,18
BG-197,18
BG-20501,12
BG-31030,12
BG-31031,12
BG-31032,12
BG-31033,12
BG-31034,12
BG-31035,12
BG-31036,12
BG-31140,12
BG-31141,12
BG-31142,12
BG-31149,12
BG-31150,12
BG-31151,12
BG-31153,12
BG-31154,12
BG-31157,12
BG-31158,12
BG-31159,12
BG-31161,12
BG-31162,12
BG-31165,12
BG-31166,12
BG-31167,12
BG-31168,12
BG-31170,12
BG-31171,12
BG-31172,12
BG-31173,12
BG-31247,12
BG-31248,12
BG-31249,12
BG-31250,12
BG-31251,12
BG-31253,12
BG-31254,12
BG-31260,12
BG-31262,12
BG-31263,12
BG-31264,12
BG-31266,12
BG-31269,12
BG-31272,12
BG-31277,12
BG-3200,12
BG-34102,12
BG-5028,12
BG-6328,12
BG-6331,12
BG-6334,12
BG-6347,12
BG-6349,12
BG-7099,12
BG-9947,12
BG-9948,12
BG-9949,12
BG-9955,12
BG-9956,12
BG-9958,12
BG-9959,12
BG-9960,12
BG1024/16,0
BG3006,0
BHB862,18
BHC017,18
BHD006,18
BHH811,18
BHH880,18
BHS384,18
BHS386,18
BLC001M,18
BN-003,18
BN-004,18
BN-006,18
BN-009,18
BN-026,18
BN-033,18
BRE235,18
BRE245,18
BT1210/15,18
BT1215/15,18
BT2505A,18
BT3102,18
BT3105,18
BT3203/85,18
BT3215/15,18
BT3901A,18
BT3901B,18
BT51B,18
BT60BK,18
BT6620,18
BT7501,18
BTF-001,18
BTF-002,18
BTF-003,18
BTF-004,18
BTF-005,18
BTF-006,18
BTF-007,18
BTF-008,18
BTF-009,18
BTF-010,18
BTF-011,18
BTF-012,18
BTF-013,18
BTF-014,18
BTF-015,18
BTF-016,18
BTF-017,18
BTF-018,18
BTF-019,18
BTF-020,18
BTF-021,18
BTF-022,18
BTF-023,18
BTF-024,18
BTF-025,18
BTF-026,18
BTF-027,18
BTF-028,18
BTF-029,18
BTF-030,18
BTF-031,18
BTF-032,18
BTF-033,18
BTF-034,18
BTF-035,18
BUR001,18
BUR001W,18
BUR002,18
BUR002W,18
BUR003,18
BUR003W,18
BUR004,18
BUR004W,18
BUR005,18
BUR005M,18
BUR006,18
BUR006W,18
BUR007,18
BUR007M,18
BUR008,18
BUR008M,18
BUR009,18
BUR009W,18
BUR010,18
BUR010M,18
BUR011M,18
BUR012W,18
BUR013M,18
BUR014W,18
BUR015W,18
BUR016M,18
BUR017W,18
BUR018M,18
BUR019W,18
BVL001,18
BVL001S,18
BVL002,18
BVL002M,18
BVL003,18
BVL003M,18
BVL004,18
BVL004W,18
BVL005,18
BVL005M,18
BVL006,18
BVL006M,18
BVL007W,18
CAC001W,18
CAD001,18
CAD002,18
CAD005,18
CAL001,18
CAL001M,18
CAL002,18
CAL002M,18
CAL003,18
CAL003M,18
CAL004,18
CAL004M,18
CAL005,18
CAL005W,18
CAL006,18
CAL006M,18
CAL007,18
CAL007M,18
CAL008,18
CAL008M,18
CAL009M,18
CAL010W,18
CAR001,18
CAR001M,18
CAR001W,18
CAR002,18
CAR002M,18
CAR003,18
CAR003W,18
CAR004,18
CAR004M,18
CAR005,18
CAR005W,18
CAR006,18
CAR006M,18
CAR007W,18
CAR008W,18
CAR010M,18
CART001M,18
CART002U,18
CART003M,18
CBASB,12
CCI-1,18
CE7 (0) 09 003,18
CE7 (0) 09 004,18
CHL001W,18
CHL002W,18
CHL003W,18
CHTO1,18
CHTO10,18
CHTO12,18
CHTO13,12
CHTO14,12
CHTO15,12
CHTO16,12
CHTO17,12
CHTO18,12
CHTO19,18
CHTO2,18
CHTO20,18
CHTO21,18
CHTO4,18
CHTO5,18
CHTO6,12
CHTO7,18
CHTO8,18
CHTO9,18
CK001S,18
CK002S,18
CK003W,18
CK004W,18
CK005M,18
CK006W,18
CK007S,18
CK008S,18
CLI001M,18
CLI002W,18
CX150BT-WT,18
CX180,18
CX3RED,18
CX80S,18
CY6067B-A,18
DA1 (0) 00 005,18
DA8 (0) 08 001,18
DA8 (0) 08 002,18
DA8 (0) 08 004,18
DAV001,18
DAV001M,18
DAV002,18
DAV002W,18
DAV003,18
DAV003M,18
DAV004,18
DAV004W,18
DAV005,18
DAV005M,18
DAV006,18
DAV006M,18
DAV007,18
DAV007W,18
DAV008,18
DAV008M,18
DAV009M,18
DAV010M,18
DAV011M,18
DAV012M,18
DAV013M,18
DAV014M,18
DAV015M,18
DAV016M,18
DAV017W,18
DAV018M,18
DAV019M,18
DH34,12
DH9 (0) 00 001,18
DI1 (0) 09 001,18
DI1 (0) 09 002,18
DI1 (0) 09 004,18
DI1 (0) 09 005,18
DIB098G50I,18
DIG098G50I,18
DIR001M,18
DK6 (0) 09 002,18
DK6 (0) 16 001,18
DK6 (0) 16 002,18
DK6 (0) 16 003,18
DK9 (0) 09 001,18
DLC2508B,18
DLC2508F,18
DLC2508G,18
DLC2518B,18
DLC2528N,18
DLP1710,18
DLP1710CB/97,18
DLP1720,18
DLP6006,18
DLP6006B,18
DLP6006N,18
DLP8006U,18
DM1 (2) 71 001,18
DM1 (2) 78 001,18
DM2 (0) 00 002,18
DM2 (0) 00 003,18
DM2 (0) 01 003,18
DM2 (0) 09 001,18
DM3 (0) 00 001,18
DM3 (0) 08 003,18
DM4 (0) 29 001,18
DM4 (0) 78 001,18
DM4 (0) 80 001,18
DOL001,18
DOL001W,18
DOL002M,18
DOL003,18
DOL003M,18
DOL004,18
DOL006,18
DT5 (0) 00 001,18
DT5 (0) 01 001,18
DU8 (0) 04 001,18
DU8 (0) 25 001,18
DUN001S,18
DUN002M,18
DUN003M,18
DUN004M,18
DUN005M,18
DUN006M,18
DUN007M,18
DUN008M,18
DV5 (0) 09 003,18
DV5 (0) 41 003,18
DWB068D50I,18
DWB068G50I,18
DWB068G60I,18
DWB098D50I,18
DWB098G50I,18
DWB098G60I,18
DWB65BC50I,18
DWB95BC50I,18
DWB97FM50I,18
DWG068D50I,18
DWG068D60I,18
DWG098D50I,18
DWG098D60I,18
DWH068D60I,18
DWH098D60I,18
DWK065G60I,18
DWK068G60I,18
DWK098G60I,18
DX7 (0) 09 001,18
DY2 (0) 78 001,18
ECO-1,12
ECO-2,12
ELI001,18
ELI001W,18
ELI002,18
ELI002W,18
ELI003,18
ELI003W,18
ELI004,18
ELI004W,18
ELI005,18
ELI005W,18
ELI006S,18
ELI007S,18
ELI008W,18
EN-01,12
EST001W,18
EST002W,18
EST003M,18
EST004W,18
EST005W,18
EST006M,18
EST007W,18
EST008M,18
FB2 (0) 00 003,18
FB2 (0) 01 001,18
FB7 (0) 11 001,18
FC1 (0) 08 003,18
FC5 (0) 09 001,18
FC5 (0) 09 002,18
FC5 (0) 09 003,18
FC6 (1) 00 001,18
FC6 (1) 21 001,18
FC9352,18
FCU001W,18
FCVC,18
FD7 (0) 09 001,18
FDLX608,18
FER001,18
FER001M,18
FER002,18
FER002M,18
FER003M,18
FER004M,18
FER005M,18
FER006,18
FESCVC,18
FG6 (0) 09 001,18
FH0 (0) 05 001,18
FH0 (0) 06 001,18
FH0 (0) 96 001,18
FH7 (0) 09 001,18
FH7 (0) 09 002,18
FH7 (0) 09 003,18
FH7 (0) 41 001,18
FH7 (0) 41 002,18
FH7 (0) 41 003,18
FHCNISTBCU48,18
FHSSWSTOWH16,18
FHTSWLXCHR16,18
FI0 (0) 04 001,18
FI0 (0) 08 001,18
FJ2 (0) 00 101,18
FJ2 (0) 01 101,18
FJ4 (0) 61 001,18
FJ6 (0) 12 101,18
FLV,18
FNKCATPB3B90SDAG,18
FNKCATPB3BV01DAG,18
FNKCATPI3B12SDAG,18
FNKCATPI3B90SDAG,18
FNKCATPW3B90SDAG,18
FNKCATPW3BV01DAG,18
FNKCCOAB3B12ADAG,18
FNKCGLAB3B12SDAG,18
FNKCGLAB3B90SDAG,18
FNKCGLAB4B60SDAG,18
FNKCGLAI3B12SDAG,18
FNKCGLAI3B90SDAG,18
FNKCGLAW3B12SDAG,18
FNKCGLAW3B90SDAG,18
FNKCKLAB3D12SDST,18
FNKCSPAW3S12SDST,18
FNKEFREW5B20SDST,18
FNKEFREW5B25SDST,18
FNKEFREW5H20SDST,18
FNKEFREW6B15SDST,18
FNKEFREW6H15SDST,18
FNKEFRJW6H15SDST,18
FNKEFUMG3B30SDST,18
FNKEFUMG3H22SDST,18
FNKPARDL3H40SDST,18
FNKTTAVG3B40SDST,18
FNKTTAVL3H40SDST,18
FNKWSTIG3B40SDST,18
FNKWSTIL3H40SDST,18
FP8 (0) 09 001,18
FQ1 (0) 11 001,18
FQ1 (0) 11 002,18
FQ1 (0) 11 003,18
FQ1 (0) 58 001,18
FQ1 (0) 58 002,18
FQ1 (0) 58 003,18
FQCDX,18
FR6 (0) 01 001,18
FR6 (0) 01 002,18
FR6 (0) 09 001,18
FR6 (0) 09 002,18
FR6 (0) 09 003,18
FR6 (0) 20 001,18
FR6 (0) 20 002,18
FR6 (0) 20 003,18
FTNVC,18
FTWD,18
FVVC,18
FX1 (0) 00 101,18
FX1 (0) 09 101,18
FX1 (0) 71 101,18
FY008-917,12
GC101/02,18
GC1015,18
GC1022/40,18
GC1028/20,18
GC157/02,18
GC158/02,18
GC181/80,18
GC1905/21,18
GC1920/28,18
GC2996,18
GC300,18
GC3920,18
GC523,18
GE6 (0) 09 001,18
GF356,18
GFCDELTVC00000,18
GFCDFCARC00000,18
GFCDFVOGUE0000,18
GFCDSUPLIT0000,18
GFCDTNDZIP0000,18
GHFJMBXK050,18
GHFMGBNV075,18
GHPHHCAPPK00,18
GHPHHCASBK00,18
GI0 (0) 09 001,18
GI0 (0) 09 002,18
GI0 (0) 09 003,18
GI1 (0) 09 003,18
GI1 (0) 09 004,18
GIV001W,18
GIV002M,18
GIV003W,18
GIV004M,18
GIV005M,18
GIV006W,18
GIV007W,18
GIV008M,18
GIV009M,18
GIV010W,18
GUCC001W,18
GUCC002M,18
GUCC003W,18
GUCC004W,18
GUCC005M,18
GUCC006W,18
GUCC007M,18
GUCC008M,18
GUCC009M,18
GUCC010W,18
GUE001,18
GUE001M,18
GUE002M,18
GWPDAMRIT00003,18
GWPDASAOT00000,18
GWPDPITCH00002,18
GWPDPPFMCBLK00,18
GWPDXTUFF00000,18
HB1 (0) 51 002,18
HB1 (0) 70 002,18
HB2 (0) 08 003,18
HB2 (0) 09 001,18
HB2 (0) 09 002,18
HB2 (0) 51 002,18
HB2 (0) 51 003,18
HB4 (0) 08 003,18
HB4 (0) 09 002,18
HB4 (0) 17 001,18
HB4 (0) 41 002,18
HB4 (0) 51 003,18
HB4 (0) 70 001,18
HBA574BR0Z,18
HBF010BR0Z,18
HBF113BR0Z,18
HC000001-ADP-BLK,18
HC000001-HDM,18
HC000002-ADP-WHT,18
HC000003-ADP-WHT,18
HC000003-HDM,18
HC000004-ADP-BLK,18
HC000005-ADP-WHT,18
HC000005-SRG,18
HC000006-ADP-BLK,18
HC000006-HDM,18
HC000006-LAP,18
HC000007-HDM,18
HC000007-LAP,18
HC000008-HDM,18
HC000008-LAP,18
HC000009-HDM,18
HC000010-CHG-WHT,18
HC000010-HDM,18
HC000012-CBL,18
HC000012-HDM,18
HC000022-CBL,18
HC000023-CBL,18
HC000024-CBL,18
HC000025-CBL,18
HC000032-CBL,18
HC000033-CBL,18
HC000034-CBL,18
HC000035-CBL,18
HC000036-CBL,18
HC00004-PBK-BLK,18
HC1 (0) 08 007,18
HC1 (0) 08 014,18
HC1 (0) 08 035,18
HC1 (0) 08 036,18
HC1 (0) 08 038,18
HC1 (0) 09 009,18
HC1 (0) 09 017,18
HC1 (0) 09 018,18
HC1 (0) 09 027,18
HC1 (0) 09 029,18
HC1 (0) 09 035,18
HC1 (0) 09 036,18
HC1 (0) 18 010,18
HC1 (0) 18 024,18
HC1 (0) 48 011,18
HD1 (0) 08 005,18
HD1 (0) 09 002,18
HD1 (0) 09 003,18
HD1 (0) 41 001,18
HD1 (0) 41 004,18
HD1134/28,18
HD1182/28,18
HD205II,18
HD2393/99,18
HD2582/00,18
HD2583/90,18
HD280PRO,18
HD450BT-BK,18
HD4920/00,18
HD4929/01,18
HD4938/01,18
HD9218,18
HE0603-04,12
HE0801,18
HEV-001,18
HEV-002,18
HEV-003,18
HEV-005,18
HEV-006,18
HEV-007,18
HEV-008,18
HEV-009,18
HEV-012,18
HEV-013,18
HEV-014,18
HEV-015,18
HEV-016,18
HEV-018,18
HEV-021,18
HEV-022,18
HG235A -A,12
HI108/01,18
HI113/28,18
HI114/28,18
HL1606/03,18
HL1631/00,18
HL1631/02,18
HL1632/00,18
HL1643/04,18
HL1643/06,18
HL1655/00,18
HL1661/00,18
HL1663/00,18
HL7555/00,18
HL7576/00,18
HL7577,18
HL7578,18
HL7579,18
HL7581,18
HL7699/00,18
HL7701/00,18
HL7707,18
HL7715/00,18
HL7756-02,18
HL7756/00,18
HL7760,18
HL7763,18
HMT75M551I,18
HN-01,12
HP6306,18
HP8120,18
HP8142,18
HP8303,18
HP8318,18
HP8643/46,18
HR1350/90,18
HR1351/90,18
HR1363/04,18
HR1887,18
HR2771/28,18
HR2774/28,18
HR2775/28,18
HR3705/10,18
HSC5706,18
HTL1045,18
HUG001,18
HUG001M,18
HUG002W,18
HUG003M,18
HUG004,18
HUG005,18
HUG005S,18
HUG006,18
HUG006W,18
HUG007,18
HUG007M,18
HUG008,18
HUG008M,18
HUG009,18
HUG009W,18
HUG010,18
HUG010M,18
HUG011W,18
HUG012M,18
HUG013M,18
HUG014M,18
HUG016W,18
HUG017W,18
HX3212-61,18
HX3214-11,18
I72 (0) 09 201,18
ISS001,18
ISS001M,18
ISS002,18
ISS002W,18
ISS003,18
ISS003M,18
ISS004M,18
ISS005W,18
ISS006M,18
JAG001,18
JAG001M,18
JAG002,18
JAG002M,18
JAG003,18
JAG003M,18
JBLENDURJUMPBLK,18
JBLT110BLK,18
JBLT110BTBLK,18
JBLT210BLK,18
JBLT290BLK,18
JBLT500BTBLU,18
JBLT600BTNCBLK,18
JIM001M,18
JOO002M,18
JOO003M,18
JOO004M,18
JPG001W,18
KC008-915-919,12
KDN30UL30I,18
KDN30UV30I,18
KDN42UL30I,18
KEN001W,18
KGSFRE06GP8VGNDSE,18
KGSFRE10GP8HGNDSE,18
KGSFRE10GP8VGNDAG,18
KGSFRE15GP8HGNDSE,18
KGSFRE15GP8VGNDAG,18
KGSFRE15GP8VGNDSE,18
KGSFRE25GP8VGNDAG,18
KGSFRE25GP8VGNDSE,18
KGSSPL25MP8VGNDSE,18
KGSSPR10BP8VGNDSE,18
KGSSPR25BP8VGNDSE,18
KGSSTA15WM8VGNDSE,18
KGSSTA25WM8VGNDSE,18
KGTATP03WP8V3KDSE,18
KGTJAN03NP8V3KDSE,18
KHS20W1PDBH,18
KJNUP45W2PDJS,18
KKB10C3PDBH,18
KKEST18C1SCID,18
KKKAL18C1PCID,18
KKOLL05C1SCLW,18
KKOLL10C1SCLW,18
KMMAX55W3SDJS,18
KMMIC50N3SDBB,18
KMMIX50N3SDBB,18
KMSPA50K3SDJS,18
KMSPI50Y3SDES,18
KMSTA60V3PDBF,18
KNACX75O1PDBM,18
KNALL10G1PDBM,18
KNARD10V1PDRG,18
KNBIG10W1PDBM,18
KNFER10W1PDBM,18
KNGLP10W1MDBM,18
KNGRA12B2PDBM,18
KNSAT10P1PDBM,18
KNSTI14W2PDBM,18
KNZES10B1PDBM,18
KNZES10R1PDBM,18
KNZES10T1PDBM,18
KRMPL18W2SCJJ,18
KRMPR18W2SCJJ,18
KRS-F-6,12
KS-3,12
KS-4,12
KS-61008,12
KT7001KL,12
KTG02KGPDBH,18
KTY02KSSDBH,18
LA7 (0) 11 001,18
LAC002M,18
LAC003M,18
LAC004M,18
LAC005W,18
LAC006M,18
LAC007M,18
LAC008W,18
LAN001W,18
LAN002W,18
LAN003W,18
LAN005M,18
LAN006W,18
LAN007W,18
LB2 (0) 01 001,18
LB2 (0) 26 002,18
LB2 (0) 90 001,18
LB2 (0) 99 003,18
LB3 (0) 00 001,18
LB3 (0) 08 001,18
LB3 (0) 08 002,18
LB3 (0) 09 003,18
LB3 (0) 21 003,18
LB3 (0) 64 001,18
LB7 (0) 01 002,18
LB7 (0) 01 003,18
LB7 (0) 09 003,18
LB9 (0) 00 002,18
LB9 (0) 00 102,18
LB9 (0) 04 003,18
LB9 (0) 08 001,18
LB9 (0) 09 003,18
LB9 (0) 38 002,18
LB9 (0) 41 002,18
LB9 (0) 41 102,18
LB9 (0) 74 003,18
LC1 (0) 00 002,18
LC1 (0) 00 102,18
LC1 (0) 01 001,18
LC1 (0) 08 001,18
LC1 (0) 09 002,18
LC1 (0) 64 002,18
LC1 (0) 64 102,18
LC1 (0) 96 003,18
LC2 (0) 09 001,18
LC2 (0) 11 002,18
LC3 (0) 09 002,18
LC3 (0) 11 001,18
LC3 (0) 21 001,18
LC3 (0) 61 002,18
LC4 (0) 01 002,18
LC4 (0) 09 001,18
LD1 (0) 01 001,18
LD1 (0) 01 002,18
LD1 (0) 01 003,18
LD1 (0) 08 001,18
LD1 (0) 08 002,18
LD1 (0) 08 003,18
LD5 (0) 01 001,18
LD5 (0) 18 001,18
LD9 (0) 00 001,18
LD9 (0) 01 001,18
LD9 (0) 03 001,18
LE2 (0) 07 001,18
LE2 (0) 34 001,18
LE2 (0) 70 001,18
LE628-27,12
LIVE 200BT,18
Live 400BT,18
Live 500BT,18
Live 650BT,18
LO001W,18
LOM001M,18
LOM002W,18
LOM003W,18
LOM004M,18
LTG-1,18
LTG-2,18
LX175,18
LX608,18
MAR-002,18
MAR-003,18
MAR-004,18
MAR-005,18
MAR-006,18
MAR001W,18
MC333-33,18
MDR-AS210,18
MDR-AS210AP,18
MDR-AS410AP,18
MDR-EX15AP,18
MDR-EX255AP,18
MDR-XB450,18
MDR-XB450AP,18
MDR-XB510AS,18
MDR-XB550AP,18
MDR-XB55AP,18
MDR-XB75AP,18
MDR-ZX110,18
MDR-ZX110AP,18
MESM500W,18
MESM731M,18
MFC,12
MG - 149,18
MG - 218,18
MG2853,18
MG3730/15,18
MG7715/15,18
MGM4341RIN,18
MGM6642WIN,18
MGM8842MIN,18
MMS2200B,18
MMS2220B,18
MMS2580B,18
MMS2625B,18
MMS6080B,18
MMS8085B,18
MOKM20GSCNMGZ,18
MON001,18
MON001M,18
MON002,18
MON002M,18
MON003,18
MON003W,18
MON004M,18
MON005,18
MON005W,18
MON006M,18
MON007M,18
MON008M,18
MR-1,18
MSM67190,18
MY66-M2-A,12
NAU001M,18
NAU002M,18
NAU003M,18
NIN001W,18
NIN002W,18
NIN003W,18
NR99444,18
NTPR,12
PAC001W,18
PAC002M,18
PAC003M,18
PAC004W,18
PAC005M,18
PAC006M,18
PAC007M,18
PAC008W,18
Party-Pal-20,18
PC1021,12
PC1050,12
PC1052,12
PC1075,12
PC1092,12
PC110,12
PC1110,12
PC1128,12
PC1133,12
PC1152,12
PC121-B,12
PC133,12
PC135,12
PC1521,12
PC1527,12
PC2120,12
PC2133,12
PC2152-A,12
PC2152-B,12
PC3Chat,18
PC8USB,18
PGN004,18
PGN005,18
PGN007,12
PGN009,12
PGN010,12
PGN011,12
PGN014,12
PGN015,12
PGN016,12
PGN019,12
PGN020,12
PGN023,12
PGN027,12
PGN028,18
PGN030,18
PGN031,18
PGN034,18
PGN042,18
PGN047,18
PGN049,18
PGN057,18
PGN059,18
PGN061,12
PGN065,18
PGN067,18
PGN075,12
PGN076,12
PGN078,18
PGN079,18
PGN084,18
PGN086,5
PGN095,18
PGN097,18
PGN104,18
PGN106,18
PGN107,18
PGN112,18
PGN114,18
PGN120,18
PGN121,12
PGN124,18
PGN126,18
PIG107,12
PIG108,12
PIG116,12
PIG117,12
PIG12043,18
PIG12136,18
PIG12203,12
PIG12294,12
PIG12331,18
PIG12333,18
PIG12382,18
PIG12420,18
PIG12424,12
PIG12425,18
PIG12453,18
PIG12584,18
PIG14039,12
PIG14041,12
PIG164,12
PIG248,12
PIG273,12
PIG298,18
PIG316,12
PIG737,12
POL001M,18
POL003M,18
PRA001,18
PRA001M,18
PRA002,18
PRA003,18
PRA004,18
PRO6105BK,18
PSM-1,18
PW-18,18
PW103,18
QC3-2,18
QC3-3,18
QP2512,18
QP2525,18
RAT003,12
RAT006,12
RAT007,12
RAT008,12
RAT010,12
RAT011,12
RAT012,12
RC8037E,18
Rockerz 610,18
RUG-1,18
RUN BT,18
S1121,18
S1223,18
S3122,18
S3350,18
S5420/06,18
SAL001M,18
SB324-334-344,12
SC9802M,18
SCF030-10,12
SCF030-20,12
SCF033-10,12
SCF033-20,12
SCF036-10,12
SCF036-20,12
SCF284,18
SCF330,12
SCF332,12
SCF355,18
SCF551,18
SCF553,18
SCF753,18
SCF755,18
SCF796,18
SCF798,18
SCF870,18
SCF922,18
SDCFE-064G-GN4IN,18
SDCFE-128G-GN4IN,18
SDCFSP-064G-G46D,18
SDCFSP-128G-G46D,18
SDCFSP-256G-G46D,18
SDCFSP-512G-G46D,18
SDCFXPS-032G-X46,18
SDCFXPS-064G-X46,18
SDCFXPS-128G-X46,18
SDCFXPS-256G-X46,18
SDCFXSB-032G-G46,18
SDCFXSB-064G-G46,18
SDCFXSB-128G-G46,18
SDCZ48-016G-I35,18
SDCZ48-064G-I35,18
SDCZ48-128G-I35,18
SDCZ48-256G-U46,18
SDCZ50-032G-I35,18
SDCZ50-064G-I35,18
SDCZ50-128G-I35,18
SDCZ71-016G-I35,18
SDCZ71-032G-I35,18
SDCZ73-032G-I35,18
SDCZ73-064G-I35,18
SDCZ73-128G-I35,18
SDCZ73-256G-I35,18
SDDD3-016G-I35,18
SDDD3-032G-I35,18
SDDD3-064G-I35,18
SDDD3-128G-I35,18
SDDD3-256G-G46,18
SDDDC3-032G-I35,18
SDDDC3-064G-I35,18
SDDDC3-128G-I35,18
SDDDC3-256G-I35,18
SDDDC4-032G-I35,18
SDDDC4-064G-I35,18
SDDDC4-128G-I35,18
SDDDC4-1T00-I35,18
SDDDC4-256G-I35,18
SDDDC4-512G-I35,18
SDIX30N-032G-PN6NN,18
SDIX30N-064G-PN6NN,18
SDIX40N-032G-GN6NN,18
SDIX40N-064G-GN6NN,18
SDIX40N-128G-GN6NN,18
SDIX60N-128G-GN6NE,18
SDIX60N-256G-GN6NE,18
SDSDQM-016G-B35,18
SDSDQM-032G-B35,18
SDSDUNB-016G-GN3IN,18
SDSDUNB-032G-GN3IN,18
SDSDUNB-064G-GN3IN,18
SDSDUNR-032G-GN6IN,18
SDSDUNR-064G-GN6IN,18
SDSDUNR-128G-GN6IN,18
SDSDXPK-032G-GN4IN,18
SDSDXPK-064G-GN4IN,18
SDSDXPK-128G-GN4IN,18
SDSDXV5-128G-GNCIN,18
SDSDXV5-256G-GNCIN,18
SDSDXV6-064G-GNCIN,18
SDSDXXG-032G-GN4IN,18
SDSDXXY-064G-GN4IN,18
SDSDXXY-128G-GN4IN,18
SDSDXXY-1T00-GN4IN,18
SDSDXXY-256G-GN4IN,18
SDSDXXY-512G-GN4IN,18
SDSQQNR-128G-GN6MA,18
SDSQUAR-016G-GN6MN,18
SDSQUAR-032G-GN6MN,18
SDSQUAR-064G-GN6MN,18
SDSQUAR-128G-GN6MN,18
SDSQUAR-256G-GN6MN,18
SDSQUAR-400G-GN6MN,18
SDSQXA1-128G-GN6MN,18
SDSQXA1-1T00-GN6MN,18
SDSQXA1-256G-GN6MN,18
SDSQXA1-400G-GN6MN,18
SDSQXA1-512G-GN6MN,18
SDSQXA2-064G-GN6MN,18
SDSQXCY-064G-GN6MN,18
SDSQXCY-128G-GN6MN,18
SDSSDE60-1T00-G25,18
SDSSDE60-250G-G25,18
SDSSDE60-2T00-G25,18
SDSSDE60-500G-G25,18
SDSSDE80-1T00-G25,18
SDSSDE80-2T00-G25,18
SDSSDE80-500G-G25,18
SHB1008,18
SHB1603,18
SHB1805BK,18
SHB2505,18
SHB3595BK,18
SHB4305BK,18
SHB4405BK,18
SHE2305BK,18
SHE2405BK,18
SHE3555BK,18
SHE3555BL,18
SHE4305BK,18
SHM1900,18
SLW9881 -A,18
SMS66GI01I,28
SPA4040B,18
SPA5128B,18
SPA5162B,18
SPA5190B,18
SPA8000B,18
SPA9080B,18
SPK7404,18
SRS-XB01,18
SRS-XB12,18
SRS-XB23,18
SRS-XB32,18
SRS-XB33,18
SRS-XB43,18
Stone 1401,18
Stone 210,18
SUJ001,18
SUJ002,18
SUJ003,18
SUJ004,18
SUJ005,18
SUJ006,18
SUJ007,18
SUJ009,18
SUJ010,18
SWV1438BN,18
SWV9442A,18
SWV9443A,18
SWV9446A,18
SYS001,12
SYS002,12
SYS003,12
SYS004,12
SYS005,12
SYS006,12
SYS007,12
SYS008,12
SYS009,12
SYS010,12
SYS011,12
SYS012,12
SYS013,12
SYS014,12
SYS015,12
SYS019,12
SYS020,12
SYS023,12
SYS027,18
SYS028,12
SYS029,12
SYS032,12
SYS033,12
SYS034,12
SYS035,12
SYS047,12
SYS048,12
SYS049,12
SYS050,12
SYS051,12
SYS052,12
SYS053,12
SYS060,12
SYS061,12
SYS071,12
SYS072,12
SYS073,12
SYS074,12
SYS076,12
SYS080,12
SYS081,12
SYS170,18
SYS171,18
SYS172,18
SYS175,18
SYS178,18
SYS179,18
SYS180,18
SYS181,18
SYS182,18
SYS183,18
SYS184,18
SYS187,18
SYS191,18
T-140,18
T205BT,18
T50HI,18
TAPB603,18
TAPH805BK,18
TAPN402BK,18
TAPN505BK,18
TASH402BK,18
TAUH202BK,18
TAUT102BK,18
TER001M,18
TER002M,18
TER003M,18
TER004W,18
TI-1,12
TIJ1409,12
TOF001,18
TOF002,18
TOM001,18
TOM002,18
TOM004M,18
TOM005M,18
TTLX175A,18
TWLAS,12
UDV001M,18
UDV002M,18
UDV003W,18
UDV004M,18
UDV005M,18
UDV006M,18
UDV007W,18
Ujjwal Plus,18
UVC_box-15l,18
UVC_box-30l,18
VER001M,18
VER002W,18
VER003W,18
VER004M,18
VER004W,18
VER005W,18
VER006W,18
VER007M,18
VER008M,18
VER009M,18
VER010M,18
VER011W,18
VER012M,18
VER014W,18
VIV001W,18
VIV002W,18
WAK2006HIN,18
WAK2006WIN,18
WAK20166IN,18
WAK2016DIN,18
WAK20265IN,18
WAK20267IN,18
WAK2416SIN,18
WAT044,18
WAT051,18
WAT2846WIN,18
WDBKVX0010PSLWESN,18
WDBKVX0020PSLWESN,18
WDBKVX2560PSLWESN,18
WDBKVX5120PSLWESN,18
WDBMCG0010BBTWESN,18
WDBMCG0010BYTWESN,18
WDBMCG0020BBTWESN,18
WDBMCG5000ABTWESN,18
WDBMCG5000AYTWESN,18
WEL004,5
WEL007,12
WEL013,5
WEL016,12
WEL018,5
WF-1000XM3,18
WF-SP800N,18
WF-XB700,18
WG-905,5
WH - 21220,18
WH - 21249,18
WH - 21355,18
WH - 30132,18
WH - 30133,18
WH - 30160,18
WH - 30174,18
WH - 30197,18
WH - 30199,18
WH - 30200,18
WH - 30206,18
WH - 30211,18
WH - 30212,18
WH - 30235,18
WH - 31281,18
WH - 31322,18
WH - 31373,18
WH - 31375,18
WH - 71592,18
WH - 71595,18
WH - 71596,18
WH - 71610,18
WH - 71625,18
WH - 71628,18
WH - 71629,18
WH - 71631,18
WH - 71635,18
WH - 71651,18
WH - 71765,18
WH - 71771,18
WH - 71828,18
WH - 71845,18
WH - 71862,18
WH - 71865,18
WH - 71866,18
WH - 71900,18
WH-21197,18
WH-21198,18
WH-21204,18
WH-21206,18
WH-21207,18
WH-30199,18
WH-30200,18
WH-30211,18
WH-31373,18
WH-31375,18
WH-41219,28
WH-41220,28
WH-50046,18
WH-50047,18
WH-61017,18
WH-61018,18
WH-61019,18
WH-61021,18
WH-71592,18
WH-71596,18
WH-71597,18
WH-CH400,18
WH-CH510,18
WH-CH710N,18
WH-H910N,18
WH-XB700,18
WHCH510,18
WHXB900N,18
WI-1000XM2,18
WI-C310,18
WI-C400,18
WI-C600N,18
WI-SP510,18
WI-XB400,18
WIC200,18
WIC310,18
WIC600N,18
WIXB400,18
WI_SP510,18
WM10K161IN,18
WM14T461IN,18
WOA126X0IN,18
WOE654W0IN,18
WOE654Y0IN,18
WOE704W0IN,18
WOE704Y1IN,18
WT7732,18
Y589-01-08,12
YJ-3013-A,18
YJ-3023-A,18
YVE001M,18
YVE002M,18
YVE003M,18
YVE004W,18
YVE005M,18
Z19 (0) 01 004,18
Z19 (0) 01 006,18
Z19 (0) 01 012,18
Z19 (0) 01 013,18
Z19 (0) 09 004,18
Z19 (0) 09 006,18
Z19 (0) 13 016,18
Z19 (0) 13 062,18
Z19 (0) 17 006,18
Z19 (0) 28 063,18
Z19 (0) 28 064,18
Z19 (0) 37 019,18
Z19 (0) 37 020,18
Z19 (0) 41 015,18
Z19 (0) 41 016,18
Z19 (0) 41 062,18
Z19 (0) 41 067,18
Z19 (0) 86 002,18
Z19 (0) 98 063,18
Z19 (0) 98 064,18
Z34 (0) 01 049,18
Z34 (0) 08 016,18
Z34 (0) 08 049,18
Z34 (0) 08 201,18
Z34 (0) 08 234,18
Z34 (0) 08 235,18
Z34 (0) 09 234,18
Z34 (0) 09 235,18
Z34 (0) 29 017,18
Z34 (0) 29 019,18
Z93 (1) 31 018,18
Z93 (1) 31 019,18
Z93 (1) 69 019,18
ZB6640,12
ZEP001,12
ZEP003,12
ZEP004,12
ZEP006,12
ZEP007,12
ZEP010,12
ZEP011,12
ZEP012,12
ZEP013,12
ZEP014,12
ZEP015,12
ZEP016,12
ZEP018,12
ZEP019,12
ZEP020,12
ZEP021,12
ZEP022,12
ZEP023,12
ZEP026,12
ZEP027,12
ZEP028,12
ZEP029,12
ZEP030,12
ZEP031,12
ZEP033,12
ZEP034,12
ZEP035,12
ZEP038,12
ZEP039,12
ZEP043,12
ZEP044,12
ZEP046,12
ZEP047,12
ZEP054,12
ZEP055,12
ZEP056,12
